group,airplane,year,TotalSystemRevenuePassenger ,TotalSystemPassengerYield,TotalSystemLoadFactor,TotalSystemPassengerRevenue ,DepartedSeats,PacificPassengerRevenue,PacificRPM,PacificRPMPercentage,PacificPassengerYield,PacificLoadFactor,PacificASM,PacificASMPercentage,PacificPassengerRevenuePercentage,PacificPassengerRASM,PacificAircraftFuelExpense,InternationalRPM,InternationalPassengerYield ,InternationalPassengerRevenue,InternationalPassengerRASM,InternationalLoadFactor ,InternationalASMPercentage,InternationalRPMPercentage,DomesticPassengerRevenue,DomesticRPMPercentage,DomesticRPM,DomesticPassengerYield,DomesticPassengerRASM,DomesticPassengerRevenuePercentage,DomesticLoadFactor ,DomesticASM,DomesticASMPercentage ,DomesticAircraftFuelExpense,AtlanticPassengerRevenue,AtlanticRPM,AtlanticPassengerYield ,AtlanticLoadFactor,AtlanticASM,AtlanticASMPercentage,AtlanticRPMPercentage,AtlanticPassengerRASM,AtlanticPassengerRevenuePercentage,AtlanticAircraftFuelExpense,LatinPassengerRevenue,LatinASMPercentage,LatinRPM,LatinRPMPercentage,LatinPassengerYield,LatinPassengerRevenuePercentage,LatinPassengerRASM,LatinLoadFactor,LatinAircraftFuelExpense,LatinASM,InternationalPassengerRevenuePercentage,InternationalASM,TotalSystemPassengerRASM ,TotalSystemASM,TotalSystemEnplanedPassengers
Network,American,1996,104618,13.03,0.68,13632,131502,273,2034,0.019,13.44,0.77,2653,0.017,0.02,10.31,0.04,31745,13.03,4137,9.12,0.7,0.297,0.303,9495,0.697,72874,13.03,8.84,0.697,0.68,107438,0.703,1.29,1695,14498,11.69,0.76,19085,0.125,0.139,8.88,0.124,0.24,2168,0.155,15213,0.145,14.25,0.159,9.18,0.64,0.3,23621,0.303,45358,8.92,152796,79388
Network,American,1997,107030,13.35,0.7,14284,131554,264,2045,0.019,12.93,0.78,2624,0.017,0.019,10.08,0.04,32673,13.52,4418,9.68,0.72,0.297,0.305,9866,0.695,74357,13.27,9.11,0.691,0.69,108271,0.703,1.28,1725,14322,12.05,0.79,18109,0.118,0.134,9.53,0.121,0.23,2428,0.162,16306,0.152,14.89,0.17,9.75,0.65,0.32,24919,0.309,45652,9.28,153923,81138
Network,American,1998,108957,13.48,0.7,14688,130188,296,2395,0.022,12.36,0.71,3392,0.022,0.02,8.73,0.04,34080,13.04,4443,9.15,0.7,0.313,0.313,10245,0.687,74877,13.68,9.6,0.698,0.7,106746,0.687,1.05,1748,14577,11.99,0.78,18606,0.12,0.134,9.39,0.119,0.18,2399,0.171,17108,0.157,14.02,0.163,9.03,0.64,0.28,26557,0.302,48555,9.46,155302,81477
Network,American,1999,111745,12.94,0.7,14456,133729,401,3470,0.031,11.56,0.71,4903,0.031,0.028,8.18,0.05,35923,12.15,4363,8.66,0.71,0.314,0.321,10092,0.679,75822,13.31,9.17,0.698,0.69,110033,0.686,1.1,1716,15410,11.13,0.77,19963,0.124,0.138,8.59,0.119,0.19,2246,0.159,17043,0.153,13.18,0.155,8.8,0.67,0.25,25539,0.302,50405,9.01,160438,81508
Network,American,2000,116595,14.04,0.72,16371,138292,468,3876,0.033,12.07,0.77,5011,0.031,0.029,9.34,0.07,38080,13,4951,9.59,0.74,0.321,0.327,11419,0.673,78515,14.54,10.44,0.698,0.72,109417,0.679,1.64,2046,16726,12.23,0.79,21298,0.132,0.143,9.6,0.125,0.3,2438,0.157,17477,0.15,13.95,0.149,9.63,0.69,0.36,25308,0.302,51617,10.17,161035,86382
Network,American,2001,106343,13.24,0.69,14084,130007,403,3740,0.035,10.78,0.73,5155,0.034,0.029,7.82,0.08,34808,12.74,4434,9.03,0.71,0.321,0.327,9650,0.673,71535,13.49,9.27,0.685,0.69,104116,0.679,1.64,1735,14903,11.64,0.73,20297,0.132,0.14,8.55,0.123,0.31,2296,0.154,16166,0.152,14.2,0.163,9.7,0.68,0.37,23659,0.315,49111,9.19,153227,78179
Network,American,2002,121781,11.84,0.71,14418,154161,325,3158,0.026,10.29,0.79,3997,0.023,0.023,8.13,0.06,34566,11.88,4106,8.65,0.73,0.276,0.284,10312,0.716,87215,11.82,8.26,0.715,0.7,124777,0.724,1.77,1672,15697,10.65,0.79,19983,0.116,0.129,8.37,0.116,0.27,2109,0.136,15711,0.129,13.42,0.146,8.98,0.67,0.31,23483,0.285,47463,8.37,172240,94130
Network,American,2003,120335,11.83,0.73,14236,140898,323,3143,0.026,10.27,0.75,4210,0.025,0.023,7.67,0.07,35577,11.69,4159,8.53,0.73,0.295,0.296,10076,0.704,84758,11.89,8.65,0.708,0.73,116497,0.705,1.86,1678,16062,10.45,0.78,20581,0.125,0.133,8.16,0.118,0.32,2158,0.145,16372,0.136,13.18,0.152,9.01,0.68,0.34,23940,0.292,48731,8.62,165229,88889
Network,American,2004,130168,11.51,0.75,14983,139058,473,4325,0.033,10.95,0.8,5377,0.031,0.032,8.81,0.13,41695,12.01,5009,8.91,0.74,0.323,0.32,9974,0.68,88473,11.27,8.47,0.666,0.75,117801,0.677,2.51,2058,18269,11.27,0.81,22467,0.129,0.14,9.16,0.137,0.48,2477,0.163,19101,0.147,12.97,0.165,8.73,0.67,0.54,28374,0.334,56219,8.61,174020,91620
Network,American,2005,138377,11.98,0.79,16572,141070,569,5418,0.039,10.51,0.77,6997,0.04,0.034,8.13,0.22,46460,12.49,5801,9.51,0.76,0.346,0.336,10771,0.664,91917,11.72,9.36,0.65,0.8,115136,0.654,3.35,2395,19624,12.2,0.82,23971,0.136,0.142,9.99,0.145,0.71,2836,0.17,21418,0.155,13.24,0.171,9.45,0.71,0.8,30011,0.35,60979,9.41,176116,98098
Network,American,2006,139458,12.79,0.8,17843,137860,694,6356,0.046,10.92,0.78,8162,0.047,0.039,8.51,0.3,48404,13.32,6445,10.3,0.77,0.36,0.347,11398,0.653,91054,12.52,10.23,0.639,0.82,111425,0.64,3.7,2590,19993,12.95,0.8,25080,0.144,0.143,10.33,0.145,0.86,3161,0.169,22054,0.158,14.34,0.177,10.77,0.75,0.93,29359,0.361,62601,10.25,174026,98200
Network,American,2007,138455,13.06,0.81,18088,135856,686,5607,0.04,12.23,0.83,6765,0.04,0.038,10.13,0.26,48566,13.87,6734,10.98,0.79,0.361,0.351,11354,0.649,89889,12.63,10.46,0.628,0.83,108561,0.639,3.83,2696,20012,13.47,0.8,24951,0.147,0.145,10.81,0.149,0.91,3352,0.174,22947,0.166,14.61,0.185,11.31,0.77,1.02,29633,0.372,61350,10.65,169911,98212
Network,American,2008,131761,13.83,0.81,18220,130438,734,5512,0.042,13.32,0.82,6736,0.041,0.04,10.9,0.37,48447,14.73,7136,11.57,0.79,0.377,0.368,11084,0.632,83314,13.3,10.88,0.608,0.82,101856,0.623,5.04,2661,19344,13.76,0.79,24599,0.15,0.147,10.82,0.146,1.29,3741,0.186,23592,0.179,15.86,0.205,12.33,0.78,1.46,30345,0.392,61681,11.14,163537,92818
Network,American,2009,122423,12.27,0.81,15019,120147,601,5338,0.044,11.26,0.79,6745,0.044,0.04,8.91,0.25,45672,12.82,5853,9.95,0.78,0.387,0.373,9165,0.627,76751,11.94,9.86,0.61,0.83,92967,0.613,3.06,2166,18579,11.66,0.78,23687,0.156,0.152,9.14,0.144,0.79,3086,0.187,21756,0.178,14.19,0.205,10.88,0.77,0.92,28380,0.39,58812,9.9,151779,85783
Network,American,2010,125490,13.34,0.82,16744,119072,761,6174,0.049,12.33,0.83,7408,0.048,0.045,10.28,0.34,48226,13.86,6685,11.13,0.8,0.392,0.384,10059,0.616,77263,13.02,10.8,0.601,0.83,93174,0.608,3.32,2462,18844,13.06,0.81,23233,0.152,0.15,10.6,0.147,0.94,3462,0.192,23209,0.185,14.92,0.207,11.76,0.79,1.14,29430,0.399,60072,10.93,153246,258607
Network,American,2011,126492,14.17,0.82,17930,118431,834,6892,0.054,12.09,0.78,8829,0.057,0.046,9.44,0.53,50216,14.77,7415,11.83,0.8,0.406,0.397,10514,0.603,76276,13.78,11.47,0.586,0.83,91630,0.594,4.18,2522,19060,13.23,0.8,23832,0.154,0.151,10.58,0.141,1.26,4060,0.195,24264,0.192,16.73,0.226,13.52,0.81,1.4,30032,0.414,62694,11.62,154323,258447
Network,American,2012,126404,14.81,0.83,18723,117224,939,7526,0.06,12.47,0.82,9136,0.06,0.05,10.28,0.56,51201,15.19,7778,12.39,0.82,0.411,0.405,10945,0.595,75204,14.55,12.18,0.585,0.84,89849,0.589,4.45,2491,18451,13.5,0.83,22271,0.146,0.146,11.19,0.133,1.14,4348,0.206,25224,0.2,17.24,0.232,13.86,0.8,1.57,31371,0.415,62778,12.27,152627,259391
Network,American,2013,128410,15.24,0.83,19571,118132,920,7883,0.061,11.67,0.82,9600,0.062,0.047,9.58,0.6,53192,15.73,8367,12.83,0.82,0.422,0.414,11204,0.586,75219,14.9,12.55,0.572,0.84,89264,0.578,4.31,2703,18502,14.61,0.84,22078,0.143,0.144,12.24,0.138,1.09,4745,0.217,26807,0.209,17.7,0.242,14.14,0.8,1.64,33555,0.428,65233,12.67,154497,261001
Network,American,2014,129340,15.71,0.82,20319,118958,1049,8335,0.064,12.59,0.81,10285,0.065,0.052,10.2,0.58,53512,15.83,8472,12.43,0.78,0.433,0.414,11847,0.586,75828,15.62,13.25,0.583,0.85,89425,0.567,3.92,2766,18331,15.09,0.8,22852,0.145,0.142,12.1,0.136,1.05,4657,0.222,26845,0.208,17.35,0.229,13.29,0.77,1.64,35037,0.417,68173,12.89,157598,264059
Network,American,2015,167066,14.38,0.83,24016,195323,1333,10457,0.063,12.74,0.84,12454,0.062,0.055,10.7,0.36,63456,13.84,8783,10.98,0.79,0.399,0.38,15233,0.62,103610,14.7,12.65,0.634,0.86,120377,0.601,3.8,3385,24501,13.81,0.79,31034,0.155,0.147,10.91,0.141,,4066,0.182,28498,0.171,14.27,0.169,11.14,0.78,1.03,36508,0.366,79997,11.99,200373,355632
Network,American,2016,199013,14.01,0.82,27872,196477,1312,13423,0.067,9.78,0.83,16145,0.067,0.047,8.13,0.36,71145,12.93,9200,10.1,0.78,0.377,0.357,18672,0.643,127868,14.6,12.39,0.67,0.85,150653,0.623,3.08,3781,27792,13.61,0.75,37171,0.154,0.14,10.17,0.136,,4106,0.156,29929,0.15,13.72,0.147,10.87,0.79,0.76,37763,0.33,91079,11.53,241732,433588
Network,American,2017,201353,14.51,0.83,29215,196588,1532,15421,0.077,9.94,0.82,18820,0.077,0.052,8.14,0.49,74484,13.35,9942,10.5,0.79,0.388,0.37,19273,0.63,126869,15.19,12.92,0.66,0.85,149182,0.612,3.65,3929,29335,13.39,0.77,38112,0.156,0.146,10.31,0.134,,4480,0.155,29729,0.148,15.07,0.153,11.88,0.79,0.95,37711,0.34,94643,11.98,243824,434766
Network,American,2018,205454,14.92,0.83,30644,201106,1602,15503,0.075,10.33,0.8,19484,0.078,0.052,8.22,0.6,75447,14.72,11103,11.58,0.79,0.386,0.367,19540,0.633,130007,15.03,12.8,0.638,0.85,152697,0.614,4.87,4376,30281,14.45,0.77,39178,0.158,0.147,11.17,0.143,,5125,0.15,29663,0.144,17.28,0.167,13.77,0.8,1.21,37215,0.362,95877,12.33,248574,444683
Network,American,2019,212860,14.77,0.86,31445,206967,1458,14490,0.068,10.06,0.84,17206,0.069,0.046,8.47,0.5,78626,14.15,11129,11.78,0.83,0.38,0.369,20316,0.631,134234,15.13,13.16,0.646,0.87,154371,0.62,4.63,4624,34149,13.54,0.81,42010,0.169,0.16,11.01,0.147,,5047,0.142,29987,0.141,16.83,0.161,14.32,0.85,1.07,35255,0.354,94471,12.64,248841,467464
Network,American,2020,77067,13.13,0.64,10120,105643,244,2355,0.031,10.36,0.55,4294,0.036,0.024,5.68,0.18,18193,14.6,2657,8.88,0.61,0.25,0.236,7463,0.764,58874,12.68,8.33,0.737,0.66,89644,0.75,1.77,644,4982,12.92,0.49,10252,0.086,0.065,6.28,0.064,,1769,0.129,10856,0.141,16.3,0.175,11.5,0.71,0.35,15388,0.263,29933,8.46,119578,197267
Network,American,1995,102754,12.97,0.66,13326,138792,306,2022,0.02,15.14,0.73,2765,0.018,0.023,11.07,0.04,31546,12.92,4077,8.89,0.69,0.295,0.307,9249,0.693,71208,12.99,8.46,0.694,0.65,109331,0.705,1.09,1711,15043,11.38,0.74,20343,0.131,0.146,8.41,0.128,0.21,2059,0.147,14481,0.141,14.22,0.155,9.06,0.64,0.24,22737,0.306,45845,8.59,155177,79567
Network,Continental,1996,37588,13,0.68,4885,62353,,0,0,0,,0,0,0,0,0,7085,11.11,787,7.83,0.7,0.183,0.188,4098,0.812,30504,13.43,9.12,0.839,0.68,44946,0.817,0.55,436,4274,10.21,0.77,5533,0.101,0.114,7.88,0.089,0.09,351,0.082,2811,0.075,12.49,0.072,7.77,0.62,0.06,4519,0.161,10052,8.88,54998,35984
Network,Continental,1997,44294,12.84,0.72,5686,64589,,0,0,0,,0,0,0,0,0,10839,11.13,1206,8.05,0.72,0.242,0.245,4480,0.755,33455,13.39,9.54,0.788,0.71,46951,0.758,0.6,703,6929,10.15,0.79,8753,0.141,0.156,8.04,0.124,0.14,503,0.101,3910,0.088,12.85,0.088,8.06,0.63,0.09,6237,0.212,14990,9.18,61941,38966
Network,Continental,1998,51028,12.52,0.72,6388,68324,5,80,0.002,6.85,0.67,120,0.002,0.001,4.57,0,14760,10.87,1605,7.83,0.72,0.29,0.289,4783,0.711,36268,13.19,9.54,0.749,0.72,50134,0.71,0.48,897,8974,9.99,0.8,11204,0.159,0.176,8,0.14,0.13,703,0.13,5706,0.112,12.32,0.11,7.66,0.62,0.11,9178,0.251,20502,9.04,70636,41691
Network,Continental,1999,58028,12.02,0.73,6975,71756,135,1769,0.03,7.62,0.67,2650,0.033,0.019,5.09,0.02,19178,9.79,1877,7.19,0.73,0.329,0.33,5098,0.67,38850,13.12,9.56,0.731,0.73,53324,0.671,0.49,978,10867,9,0.77,14086,0.177,0.187,6.94,0.14,0.15,764,0.118,6542,0.113,11.68,0.11,8.15,0.7,0.1,9374,0.269,26110,8.78,79434,44012
Network,Continental,2000,62357,12.93,0.74,8062,72608,164,1839,0.029,8.9,0.67,2738,0.033,0.02,5.98,0.04,21946,10.26,2252,7.74,0.75,0.347,0.352,5810,0.648,40411,14.38,10.63,0.721,0.74,54670,0.653,0.87,1223,13051,9.37,0.79,16470,0.197,0.209,7.42,0.152,0.27,866,0.118,7056,0.113,12.27,0.107,8.75,0.71,0.18,9894,0.279,29101,9.62,83771,45409
Network,Continental,2001,58763,12.18,0.72,7156,68939,196,2345,0.04,8.38,0.63,3695,0.046,0.027,5.32,0.05,19708,10.39,2048,7.49,0.72,0.337,0.335,5108,0.665,39055,13.08,9.49,0.714,0.73,53839,0.663,0.74,998,10528,9.48,0.74,14163,0.174,0.179,7.05,0.139,0.19,854,0.117,6835,0.116,12.49,0.119,8.98,0.72,0.15,9504,0.286,27362,8.81,81202,42780
Network,Continental,2002,57304,11.49,0.74,6585,63488,239,2868,0.05,8.34,0.76,3798,0.049,0.036,6.3,0.05,20215,10.57,2136,7.94,0.75,0.349,0.353,4448,0.647,37089,11.99,8.84,0.676,0.74,50304,0.651,0.58,1049,10539,9.96,0.78,13594,0.176,0.184,7.72,0.159,0.16,848,0.123,6808,0.119,12.45,0.129,8.9,0.72,0.13,9520,0.324,26912,8.53,77216,40009
Network,Continental,2003,57586,11.38,0.76,6556,60082,205,2502,0.043,8.19,0.73,3434,0.045,0.031,5.97,0.05,20451,10.52,2151,7.84,0.75,0.36,0.355,4406,0.645,37135,11.86,9.05,0.672,0.76,48667,0.64,0.7,1083,11025,9.83,0.76,14515,0.191,0.191,7.46,0.165,0.2,862,0.124,6924,0.12,12.45,0.131,9.11,0.73,0.15,9466,0.328,27414,8.62,76081,38936
Network,Continental,2004,63373,11.25,0.78,7129,61731,276,3294,0.052,8.38,0.81,4056,0.05,0.039,6.81,0.08,24441,10.3,2516,8.06,0.78,0.383,0.386,4613,0.614,38932,11.85,9.17,0.647,0.77,50287,0.617,0.92,1366,13527,10.1,0.81,16752,0.206,0.213,8.15,0.192,0.32,874,0.128,7620,0.12,11.48,0.123,8.4,0.73,0.21,10405,0.353,31212,8.75,81500,40746
Network,Continental,2005,68371,11.62,0.8,7943,62031,353,3778,0.055,9.33,0.77,4918,0.057,0.044,7.17,0.15,27426,11.24,3083,8.75,0.78,0.411,0.401,4860,0.599,40944,11.87,9.64,0.612,0.81,50437,0.589,1.34,1733,15582,11.12,0.8,19488,0.227,0.228,8.89,0.218,0.53,998,0.126,8065,0.118,12.37,0.126,9.21,0.74,0.32,10837,0.388,35243,9.27,85679,42822
Network,Continental,2006,76323,12.19,0.82,9303,65764,461,4499,0.059,10.26,0.81,5563,0.059,0.05,8.29,0.24,31871,11.84,3773,9.32,0.79,0.432,0.418,5530,0.582,44451,12.44,10.41,0.594,0.84,53131,0.568,1.6,2085,17891,11.65,0.79,22710,0.243,0.234,9.18,0.224,0.66,1226,0.13,9481,0.124,12.94,0.132,10.04,0.78,0.41,12215,0.406,40488,9.94,93619,46776
Network,Continental,2007,81432,12.72,0.82,10357,68720,539,4713,0.058,11.43,0.82,5746,0.058,0.052,9.37,0.26,34870,12.89,4494,10.3,0.8,0.44,0.428,5862,0.572,46562,12.59,10.56,0.566,0.84,55506,0.56,1.76,2577,20162,12.78,0.79,25381,0.256,0.248,10.15,0.249,0.78,1379,0.126,9995,0.123,13.8,0.133,11.02,0.8,0.44,12508,0.434,43635,10.45,99141,49006
Network,Continental,2008,80499,13.61,0.81,10958,66462,592,4669,0.058,12.67,0.81,5789,0.058,0.054,10.22,0.3,36282,14.3,5187,11.24,0.79,0.466,0.451,5770,0.549,44217,13.05,10.89,0.527,0.83,52989,0.534,2.41,2983,21301,14,0.77,27646,0.279,0.265,10.79,0.272,1.4,1613,0.128,10312,0.128,15.64,0.147,12.67,0.81,0.64,12733,0.473,46169,11.05,99158,46965
Network,Continental,2009,77788,11.4,0.82,8869,60976,557,5435,0.07,10.25,0.79,6908,0.073,0.063,8.06,0.22,35767,11.65,4166,9.28,0.8,0.476,0.46,4703,0.54,42022,11.19,9.5,0.53,0.85,49529,0.524,1.31,2249,20035,11.22,0.8,25148,0.266,0.258,8.94,0.254,0.75,1360,0.136,10297,0.132,13.21,0.153,10.59,0.8,0.39,12848,0.47,44904,9.39,94433,44019
Network,Continental,2010,79738,12.66,0.84,10093,58906,766,6293,0.079,12.17,0.87,7204,0.076,0.076,10.63,0.26,38327,12.98,4976,10.77,0.83,0.486,0.481,5116,0.519,41411,12.36,10.48,0.507,0.85,48797,0.514,1.43,2668,20969,12.72,0.83,25159,0.265,0.263,10.61,0.264,0.85,1542,0.146,11065,0.139,13.94,0.153,11.14,0.8,0.47,13844,0.493,46207,10.62,95004,130680
Network,Continental,2011,82127,14.37,0.82,11803,62534,1308,8028,0.098,16.3,0.81,9912,0.099,0.111,13.2,0.38,39779,14.72,5857,11.78,0.8,0.495,0.484,5946,0.516,42347,14.04,11.72,0.504,0.83,50725,0.505,2.01,2763,20762,13.31,0.8,25899,0.258,0.253,10.67,0.234,1.18,1785,0.139,10989,0.134,16.24,0.151,12.83,0.79,0.62,13917,0.496,49729,11.75,100454,135803
Network,Continental,2012,0,0,,0,0,,0,,0,,0,,,0,0,0,0,0,0,,,,0,,0,0,0,,,0,,0,0,0,0,,0,,,0,,0,,,0,,0,,0,,,0,,0,0,0,0
Network,Continental,2013,0,0,,0,0,,0,,0,,0,,,0,0,0,0,0,0,,,,0,,0,0,0,,,0,,0,0,0,0,,0,,,0,,0,,,0,,0,,0,,,0,,0,0,0,0
Network,Continental,2014,0,0,,0,0,,0,,0,,0,,,0,0,0,0,0,0,,,,0,,0,0,0,,,0,,0,0,0,0,,0,,,0,,0,,,0,,0,,0,,,0,,0,0,0,0
Network,Continental,2015,0,0,,0,0,,0,,0,,0,,,0,0,0,0,0,0,,,,0,,0,0,0,,,0,,0,0,0,0,,0,,,0,,,,,0,,0,,0,,,0,,0,0,0,0
Network,Continental,2016,0,0,,0,0,,0,,0,,0,,,0,0,0,0,0,0,,,,0,,0,0,0,,,0,,0,,0,0,,0,,,0,,,,,0,,0,,0,,,0,,0,0,0,0
Network,Continental,2017,0,0,,0,0,,0,,0,,0,,,0,0,0,0,0,0,,,,0,,0,0,0,,,0,,0,,0,0,,0,,,0,,,,,0,,0,,0,,,0,,0,0,0,0
Network,Continental,2018,0,0,,0,0,,0,,0,,0,,,0,0,0,0,0,0,,,,0,,0,0,0,,,0,,0,,0,0,,0,,,0,,,,,0,,0,,0,,,0,,0,0,0,0
Network,Continental,2019,0,0,,0,0,,0,,0,,0,,,0,0,0,0,0,0,,,,0,,0,0,0,,,0,,0,,0,0,,0,,,0,,,,,0,,0,,0,,,0,,0,0,0,0
Network,Continental,2020,0,0,,0,0,,0,,0,,0,,,0,0,0,0,0,0,,,,0,,0,0,0,,,0,,0,,0,0,,0,,,0,,,,,0,,0,,0,,,0,,0,0,0,0
Network,Continental,1995,35798,12.16,0.66,4354,66447,,0,0,0,,0,0,0,0,0,6070,10.48,636,7.37,0.7,0.159,0.17,3718,0.83,29728,12.51,8.14,0.854,0.65,45683,0.841,0.49,342,3761,9.1,0.76,4919,0.091,0.105,6.96,0.079,0.06,294,0.068,2309,0.065,12.72,0.067,7.92,0.62,0.05,3708,0.146,8627,8.02,54310,35284
Network,Delta,1996,93929,12.75,0.7,11981,170694,273,2731,0.029,10,0.72,3781,0.028,0.023,7.22,0.05,20980,10.47,2196,7.79,0.74,0.211,0.223,9784,0.777,72949,13.41,9.27,0.817,0.69,105516,0.789,1.41,1744,16789,10.39,0.76,22230,0.166,0.179,7.85,0.146,0.31,179,0.016,1461,0.016,12.28,0.015,8.2,0.67,0.03,2188,0.183,28199,8.96,133715,97269
Network,Delta,1997,99689,12.81,0.72,12773,174706,267,2766,0.028,9.64,0.76,3646,0.026,0.021,7.31,0.05,21859,10.38,2269,7.97,0.77,0.205,0.219,10504,0.781,77829,13.5,9.52,0.822,0.71,110370,0.795,1.45,1808,17585,10.28,0.78,22568,0.163,0.176,8.01,0.142,0.29,195,0.016,1508,0.015,12.93,0.015,8.68,0.67,0.02,2247,0.178,28462,9.2,138831,103208
Network,Delta,1998,103342,12.75,0.73,13179,172696,272,3127,0.03,8.7,0.71,4387,0.031,0.021,6.2,0.05,24058,9.85,2369,7.42,0.75,0.224,0.233,10810,0.767,79285,13.63,9.81,0.82,0.72,110238,0.776,1.23,1846,18935,9.75,0.79,23909,0.168,0.183,7.72,0.14,0.23,251,0.025,1996,0.019,12.58,0.019,6.95,0.55,0.03,3610,0.18,31906,9.27,142144,103725
Network,Delta,1999,104784,12.6,0.72,13203,170455,267,3429,0.033,7.79,0.69,4977,0.034,0.02,5.37,0.06,24413,9.26,2261,7.03,0.76,0.222,0.233,10942,0.767,80370,13.61,9.72,0.829,0.71,112626,0.778,1.21,1656,18274,9.06,0.79,23001,0.159,0.174,7.2,0.125,0.24,337,0.029,2710,0.026,12.46,0.026,8.05,0.65,0.04,4193,0.171,32172,9.12,144797,105529
Network,Delta,2000,107852,13.11,0.73,14138,169022,260,3058,0.028,8.51,0.75,4088,0.028,0.018,6.36,0.07,25975,9.47,2460,7.33,0.77,0.228,0.241,11678,0.759,81877,14.26,10.27,0.826,0.72,113661,0.772,1.42,1788,19628,9.11,0.8,24431,0.166,0.182,7.32,0.126,0.32,412,0.034,3289,0.03,12.52,0.029,8.17,0.65,0.06,5041,0.174,33560,9.6,147221,105709
Network,Delta,2001,97666,12.16,0.69,11876,159852,207,2565,0.026,8.08,0.69,3721,0.026,0.017,5.57,0.05,24409,9.53,2327,6.81,0.71,0.241,0.25,9549,0.75,73256,13.04,8.9,0.804,0.68,107282,0.759,1.3,1617,17717,9.13,0.76,23396,0.165,0.181,6.91,0.136,0.28,502,0.05,4128,0.042,12.17,0.042,7.15,0.59,0.08,7026,0.196,34143,8.4,141425,94180
Network,Delta,2002,95324,11.26,0.72,10734,147472,100,996,0.01,10.02,0.82,1215,0.009,0.009,8.21,0.02,23832,9.52,2269,7.17,0.75,0.24,0.25,8465,0.75,71493,11.84,8.46,0.789,0.71,100076,0.76,1.2,1664,18429,9.03,0.79,23283,0.177,0.193,7.15,0.155,0.3,505,0.054,4407,0.046,11.46,0.047,7.08,0.62,0.08,7134,0.211,31631,8.15,131707,90924
Network,Delta,2003,89430,13.61,0.74,12175,127115,90,941,0.011,9.57,0.78,1213,0.01,0.007,7.42,0.02,21020,10.39,2185,7.98,0.77,0.227,0.235,9990,0.765,68409,14.6,10.73,0.821,0.74,93063,0.773,1.33,1583,15915,9.95,0.79,20180,0.168,0.178,7.85,0.13,0.31,511,0.05,4164,0.047,12.28,0.042,8.53,0.69,0.08,5996,0.179,27389,10.11,120453,84246
Network,Delta,2004,98276,12.06,0.76,11848,131961,110,1132,0.012,9.69,0.84,1342,0.01,0.009,8.18,0.03,24831,10.35,2569,8.17,0.79,0.242,0.253,9279,0.747,73445,12.63,9.42,0.783,0.75,98457,0.758,1.94,1901,18929,10.04,0.81,23466,0.181,0.193,8.1,0.16,0.48,558,0.051,4769,0.049,11.7,0.047,8.41,0.72,0.12,6639,0.217,31447,9.12,129904,86902
Network,Delta,2005,103737,10.94,0.78,11346,128832,116,1110,0.011,10.43,0.83,1340,0.01,0.01,8.65,0.04,27901,10.66,2974,8.41,0.79,0.264,0.269,8372,0.731,75836,11.04,8.5,0.738,0.77,98491,0.736,2.79,2149,20411,10.53,0.82,25025,0.187,0.197,8.59,0.189,0.75,710,0.067,6380,0.062,11.12,0.063,7.9,0.71,0.24,8987,0.262,35351,8.48,133843,86105
Network,Delta,2006,98909,11.79,0.79,11660,107189,125,1144,0.012,10.97,0.86,1337,0.011,0.011,9.38,0.05,33434,10.97,3666,8.59,0.78,0.34,0.338,7994,0.662,65475,12.21,9.66,0.686,0.79,82726,0.66,2.69,2602,24133,10.78,0.8,30217,0.241,0.244,8.61,0.223,1.05,939,0.089,8157,0.082,11.51,0.081,8.43,0.73,0.34,11139,0.314,42693,9.3,125418,73655
Network,Delta,2007,103450,12.34,0.81,12768,103269,171,1448,0.014,11.81,0.81,1790,0.014,0.013,9.55,0.07,39129,11.95,4676,9.49,0.79,0.386,0.378,8091,0.622,64322,12.58,10.31,0.634,0.82,78462,0.614,2.73,3320,27929,11.89,0.8,34721,0.272,0.27,9.56,0.26,1.26,1185,0.1,9752,0.094,12.15,0.093,9.28,0.76,0.42,12772,0.366,49283,9.99,127745,73051
Network,Delta,2008,105699,13.02,0.82,13767,100620,300,2434,0.023,12.32,0.77,3150,0.024,0.022,9.52,0.17,44569,13.11,5844,10.37,0.79,0.437,0.422,7923,0.578,61131,12.96,10.91,0.575,0.84,72636,0.563,3.54,4199,32181,13.05,0.79,40510,0.314,0.304,10.37,0.305,2.04,1345,0.098,9953,0.094,13.51,0.098,10.61,0.78,0.57,12682,0.425,56342,10.67,128978,71728
Network,Delta,2009,100736,11.12,0.82,11206,95086,308,3142,0.031,9.79,0.79,3965,0.032,0.027,7.76,0.16,43914,10.93,4800,8.7,0.8,0.45,0.436,6406,0.564,56822,11.27,9.49,0.572,0.84,67485,0.55,2.63,3320,31004,10.71,0.8,38552,0.314,0.308,8.61,0.296,1.5,1172,0.103,9768,0.097,12,0.105,9.27,0.77,0.47,12642,0.428,55159,9.14,122644,67852
Network,Delta,2010,168142,12.62,0.84,21215,161948,2850,22278,0.132,12.79,0.85,26141,0.13,0.134,10.9,1,75455,12.65,9543,10.52,0.83,0.452,0.449,11672,0.551,92687,12.59,10.6,0.55,0.84,110096,0.548,4.19,5205,41895,12.42,0.83,50225,0.25,0.249,10.36,0.245,1.87,1488,0.071,11283,0.067,13.19,0.07,10.39,0.79,0.53,14321,0.45,90687,10.57,200783,333601
Network,Delta,2011,168289,13.9,0.83,23397,164206,3369,23212,0.138,14.51,0.81,28809,0.142,0.144,11.69,1.53,76312,13.8,10535,11.13,0.81,0.465,0.453,12862,0.547,91977,13.98,11.82,0.55,0.85,108783,0.535,5,5525,41468,13.32,0.81,51010,0.251,0.246,10.83,0.236,2.52,1641,0.073,11632,0.069,14.11,0.07,11.05,0.78,0.66,14855,0.45,94673,11.5,203457,341394
Network,Delta,2012,169591,14.4,0.84,24427,164548,3613,24582,0.145,14.7,0.83,29560,0.147,0.148,12.22,1.73,76699,14.12,10827,11.76,0.83,0.459,0.452,13600,0.548,92892,14.64,12.5,0.557,0.85,108774,0.541,5.16,5485,39922,13.74,0.84,47487,0.236,0.235,11.55,0.225,2.55,1729,0.075,12196,0.072,14.18,0.071,11.48,0.81,0.69,15060,0.443,92106,12.16,200880,350520
Network,Delta,2013,172925,14.92,0.85,25801,170722,3503,24735,0.143,14.16,0.84,29300,0.143,0.136,11.96,1.6,78438,14.02,11000,11.89,0.85,0.453,0.454,14801,0.546,94486,15.66,13.25,0.574,0.85,111667,0.547,4.82,5586,40226,13.89,0.85,47149,0.231,0.233,11.85,0.217,2.27,1911,0.079,13478,0.078,14.18,0.074,11.87,0.84,0.7,16093,0.426,92543,12.63,204210,362066
Network,Delta,2014,181195,15.43,0.85,27953,179246,3375,24446,0.135,13.81,0.84,29252,0.138,0.121,11.54,1.74,80365,14.08,11313,11.81,0.84,0.451,0.444,16640,0.556,100830,16.5,14.29,0.595,0.87,116478,0.549,6.42,5737,40175,14.28,0.85,47530,0.224,0.222,12.07,0.205,2.51,2201,0.089,15744,0.087,13.98,0.079,11.6,0.83,0.99,18975,0.405,95757,13.17,212235,388470
Network,Delta,2015,188375,14.98,0.85,28218,192182,2973,23885,0.127,12.45,0.86,27801,0.126,0.105,10.69,0.89,80837,13.11,10595,10.93,0.83,0.44,0.429,17622,0.571,107538,16.39,14.27,0.625,0.87,123479,0.56,3.65,5467,40450,13.52,0.82,49110,0.223,0.215,11.13,0.194,,2155,0.091,16502,0.088,13.06,0.076,10.75,0.82,0.56,20047,0.375,96958,12.8,220437,416486
Network,Delta,2016,191722,14.28,0.85,27376,200213,2591,22781,0.119,11.37,0.88,25971,0.115,0.095,9.98,0.64,79657,12.37,9856,10.34,0.84,0.423,0.415,17520,0.585,112065,15.63,13.48,0.64,0.86,129920,0.577,2.96,5130,39750,12.9,0.81,49253,0.219,0.207,10.42,0.187,,2136,0.089,17125,0.089,12.47,0.078,10.61,0.85,0.42,20132,0.36,95356,12.15,225276,429872
Network,Delta,2017,196882,14.34,0.86,28235,200213,2340,20741,0.105,11.28,0.87,23976,0.105,0.083,9.76,0.65,80873,12.26,9919,10.47,0.85,0.415,0.411,18317,0.589,116009,15.79,13.7,0.649,0.87,133706,0.585,3.34,5234,41640,12.57,0.84,49395,0.216,0.211,10.6,0.185,,2344,0.093,18493,0.094,12.68,0.083,10.98,0.87,0.48,21339,0.351,94710,12.36,228416,437651
Network,Delta,2018,205322,15.03,0.86,30864,207597,2418,20363,0.099,11.87,0.86,23628,0.099,0.078,10.23,0.77,82141,13.02,10691,11.13,0.86,0.403,0.4,20173,0.6,123181,16.38,14.15,0.654,0.86,142553,0.597,4.62,5808,43270,13.42,0.85,50737,0.213,0.211,11.45,0.188,,2465,0.091,18508,0.09,13.32,0.08,11.38,0.85,0.65,21671,0.346,96035,12.94,238588,456766
Network,Delta,2019,217905,15.07,0.87,32848,218030,2376,21082,0.097,11.27,0.85,24805,0.099,0.072,9.58,0.72,84673,12.8,10837,10.95,0.86,0.394,0.389,22011,0.611,133232,16.52,14.47,0.67,0.88,152154,0.606,4.42,5960,45368,13.14,0.86,52966,0.211,0.208,11.25,0.181,,2501,0.084,18223,0.084,13.72,0.076,11.79,0.86,0.57,21216,0.33,98986,13.08,251140,488263
Network,Delta,2020,66563,14.38,0.55,9569,112008,501,4088,0.061,12.25,0.51,8058,0.067,0.052,6.22,0.2,19048,12.67,2413,7.11,0.56,0.281,0.286,7156,0.714,47515,15.06,8.24,0.748,0.55,86803,0.719,1.92,1012,8268,12.24,0.53,15462,0.128,0.124,6.54,0.106,,900,0.086,6692,0.101,13.45,0.094,8.64,0.64,0.2,10416,0.252,33935,7.93,120739,165753
Network,Delta,1995,85176,13.37,0.65,11386,171219,342,3390,0.04,10.09,0.66,5123,0.039,0.03,6.68,0.06,21889,10.57,2314,7.68,0.73,0.232,0.257,9072,0.743,63287,14.33,9.07,0.797,0.63,100067,0.768,1.1,1795,17127,10.48,0.75,22751,0.175,0.201,7.89,0.158,0.26,177,0.017,1371,0.016,12.93,0.016,7.78,0.6,0.02,2277,0.203,30152,8.74,130219,86963
Network,Northwest,1996,68719,12.51,0.73,8598,109070,2251,23147,0.337,9.73,0.78,29506,0.314,0.262,7.63,0.46,29669,9.71,2882,7.71,0.79,0.398,0.432,5716,0.568,39050,14.64,10.09,0.665,0.69,56631,0.602,0.83,631,6521,9.67,0.83,7884,0.084,0.095,8,0.073,0.1,,0,0,0,0,0,0,,,0,0.335,37391,9.15,94021,52722
Network,Northwest,1997,72174,12.08,0.74,8722,110103,2193,24363,0.338,9,0.78,31187,0.321,0.251,7.03,0.46,31175,9.11,2840,7.24,0.79,0.404,0.432,5882,0.568,40998,14.35,10.16,0.674,0.71,57905,0.596,0.82,647,6813,9.5,0.85,8060,0.083,0.094,8.03,0.074,0.1,,0,0,0,0,0,0,,,0,0.326,39246,8.98,97152,54704
Network,Northwest,1998,66828,11.24,0.73,7513,101728,1620,20778,0.311,7.8,0.76,27379,0.299,0.216,5.92,0.33,28560,8.13,2323,6.25,0.77,0.406,0.427,5190,0.573,38269,13.56,9.56,0.691,0.71,54278,0.594,0.66,703,7781,9.03,0.8,9787,0.107,0.116,7.18,0.094,0.1,,0,0,0,0,0,0,,,0,0.309,37166,8.22,91444,50539
Network,Northwest,1999,74263,11.56,0.75,8587,110045,1801,21802,0.294,8.26,0.8,27182,0.273,0.21,6.63,0.35,31425,8.42,2647,6.77,0.8,0.393,0.423,5940,0.577,42838,13.87,9.82,0.692,0.71,60479,0.607,0.71,846,9623,8.79,0.81,11914,0.12,0.13,7.1,0.099,0.12,,0,0,0,0,0,0,,,0,0.308,39096,8.62,99575,54764
Network,Northwest,2000,79252,12.02,0.77,9523,113233,2090,22972,0.29,9.1,0.82,28119,0.272,0.219,7.43,0.53,34166,8.98,3068,7.35,0.82,0.403,0.431,6455,0.569,45086,14.32,10.44,0.678,0.73,61804,0.597,1.11,978,11194,8.74,0.82,13604,0.131,0.141,7.19,0.103,0.22,,0,0,0,0,0,0,,,0,0.322,41723,9.2,103527,56927
Network,Northwest,2001,73280,11.22,0.74,8219,106232,1677,20081,0.274,8.35,0.79,25543,0.259,0.204,6.57,0.47,31227,8.27,2584,6.51,0.79,0.402,0.426,5635,0.574,42053,13.4,9.57,0.686,0.71,58900,0.598,1.02,906,11146,8.13,0.79,14122,0.143,0.152,6.42,0.11,0.22,,0,0,0,0,0,0,,,0,0.314,39665,8.34,98565,52374
Network,Northwest,2002,72143,10.75,0.77,7753,101607,1557,20001,0.277,7.78,0.84,23837,0.255,0.201,6.53,0.38,31067,7.95,2469,6.63,0.83,0.398,0.431,5284,0.569,41075,12.86,9.38,0.682,0.73,56362,0.602,0.84,912,11066,8.25,0.83,13386,0.143,0.153,6.82,0.118,0.18,,0,0,0,0,0,0,,,0,0.318,37222,8.28,93584,51827
Network,Northwest,2003,68764,11.08,0.77,7617,97353,1421,18209,0.265,7.8,0.81,22390,0.251,0.187,6.34,0.41,28223,8.12,2293,6.66,0.82,0.386,0.41,5324,0.59,40541,13.13,9.74,0.699,0.74,54671,0.614,0.9,872,10014,8.71,0.83,12019,0.135,0.146,7.26,0.114,0.19,,0,0,0,0,0,0,,,0,0.301,34410,8.55,89080,51976
Network,Northwest,2004,73405,11.49,0.8,8432,98978,1777,20009,0.273,8.88,0.87,23042,0.252,0.211,7.71,0.63,30473,9.08,2767,7.84,0.86,0.385,0.415,5665,0.585,42933,13.2,10.07,0.672,0.76,56247,0.615,1.29,989,10464,9.45,0.86,12225,0.134,0.143,8.09,0.117,0.25,,0,0,0,0,0,0,,,0,0.328,35266,9.21,91513,55446
Network,Northwest,2005,75920,11.64,0.83,8838,95685,1987,20535,0.27,9.68,0.87,23528,0.256,0.225,8.45,0.88,31916,9.8,3128,8.54,0.87,0.399,0.42,5709,0.58,44005,12.97,10.33,0.646,0.8,55286,0.601,1.8,1141,11380,10.03,0.87,13100,0.143,0.15,8.71,0.129,0.37,,0,0,0,0,0,0,,,0,0.354,36629,9.62,91915,56537
Network,Northwest,2006,72688,12.45,0.85,9051,87647,2065,19846,0.273,10.4,0.88,22641,0.264,0.228,9.12,1.03,30606,10.59,3240,9.3,0.88,0.406,0.421,5811,0.579,42082,13.81,11.42,0.642,0.83,50894,0.594,1.92,1175,10760,10.92,0.88,12178,0.142,0.148,9.65,0.13,0.37,,0,0,0,0,0,0,,,0,0.358,34819,10.56,85713,54888
Network,Northwest,2007,73022,12.73,0.85,9293,86050,2186,19909,0.273,10.98,0.87,23005,0.267,0.235,9.5,0.98,31474,11.31,3561,9.74,0.86,0.424,0.431,5732,0.569,41549,13.8,11.52,0.617,0.84,49740,0.576,1.91,1375,11565,11.89,0.85,13543,0.157,0.158,10.16,0.148,0.38,,0,0,0,0,0,0,,,0,0.383,36548,10.77,86288,53737
Network,Northwest,2008,71643,13.1,0.85,9386,77801,2340,19922,0.278,11.74,0.86,23105,0.274,0.249,10.13,1.56,33188,11.9,3949,10.06,0.85,0.465,0.463,5437,0.537,38456,14.14,12.03,0.579,0.85,45189,0.535,2.87,1609,13266,12.13,0.82,16152,0.191,0.185,9.96,0.171,0.82,,0,0,0,0,0,0,,,0,0.421,39257,11.11,84446,48921
Network,Northwest,2009,62954,10.86,0.84,6837,65868,1725,16463,0.262,10.48,0.82,20033,0.266,0.252,8.61,0.69,28146,10.17,2861,8.37,0.82,0.454,0.447,3976,0.553,34808,11.42,9.69,0.582,0.85,41046,0.546,1.34,1087,11227,9.68,0.83,13577,0.18,0.178,8.01,0.159,0.35,48,0.008,456,0.007,10.6,0.007,8.54,0.81,0.02,566,0.418,34175,9.09,75221,41117
Network,Northwest,2010,0,0,,0,0,,0,,0,,0,,,0,0,0,0,0,0,,,,0,,0,0,0,,,0,,0,0,0,0,,0,,,0,,0,,,0,,0,,0,,,0,,0,0,0,0
Network,Northwest,2011,0,0,,0,0,,0,,0,,0,,,0,0,0,0,0,0,,,,0,,0,0,0,,,0,,0,0,0,0,,0,,,0,,0,,,0,,0,,0,,,0,,0,0,0,0
Network,Northwest,2012,0,0,,0,0,,0,,0,,0,,,0,0,0,0,0,0,,,,0,,0,0,0,,,0,,0,0,0,0,,0,,,0,,0,,,0,,0,,0,,,0,,0,0,0,0
Network,Northwest,2013,0,0,,0,0,,0,,0,,0,,,0,0,0,0,0,0,,,,0,,0,0,0,,,0,,0,0,0,0,,0,,,0,,0,,,0,,0,,0,,,0,,0,0,0,0
Network,Northwest,2014,0,0,,0,0,,0,,0,,0,,,0,0,0,0,0,0,,,,0,,0,0,0,,,0,,0,0,0,0,,0,,,0,,0,,,0,,0,,0,,,0,,0,0,0,0
Network,Northwest,2015,0,0,,0,0,,0,,0,,0,,,0,0,0,0,0,0,,,,0,,0,0,0,,,0,,0,0,0,0,,0,,,0,,,,,0,,0,,0,,,0,,0,0,0,0
Network,Northwest,2016,0,0,,0,0,,0,,0,,0,,,0,0,0,0,0,0,,,,0,,0,0,0,,,0,,0,,0,0,,0,,,0,,,,,0,,0,,0,,,0,,0,0,0,0
Network,Northwest,2017,0,0,,0,0,,0,,0,,0,,,0,0,0,0,0,0,,,,0,,0,0,0,,,0,,0,,0,0,,0,,,0,,,,,0,,0,,0,,,0,,0,0,0,0
Network,Northwest,2018,0,0,,0,0,,0,,0,,0,,,0,0,0,0,0,0,,,,0,,0,0,0,,,0,,0,,0,0,,0,,,0,,,,,0,,0,,0,,,0,,0,0,0,0
Network,Northwest,2019,0,0,,0,0,,0,,0,,0,,,0,0,0,0,0,0,,,,0,,0,0,0,,,0,,0,,0,0,,0,,,0,,,,,0,,0,,0,,,0,,0,0,0,0
Network,Northwest,2020,0,0,,0,0,,0,,0,,0,,,0,0,0,0,0,0,,,,0,,0,0,0,,,0,,0,,0,0,,0,,,0,,,,,0,,0,,0,,,0,,0,0,0,0
Network,Northwest,1995,62668,12.39,0.71,7762,103591,2159,20539,0.328,10.51,0.75,27253,0.311,0.278,7.92,0.36,26194,10.17,2664,7.75,0.76,0.392,0.418,5098,0.582,36474,13.98,9.56,0.657,0.68,53305,0.608,0.64,505,5654,8.92,0.79,7115,0.081,0.09,7.09,0.065,0.08,,0,0,0,0,0,0,,,0,0.343,34368,8.85,87673,49370
Network,United,1996,116698,12.21,0.72,14247,152464,2922,27545,0.236,10.61,0.74,37402,0.23,0.205,7.81,0.49,44091,10.78,4754,7.93,0.73,0.368,0.378,9493,0.622,72607,13.07,9.23,0.666,0.71,102854,0.632,1.36,1189,11238,10.58,0.79,14256,0.088,0.096,8.34,0.083,0.15,644,0.051,5308,0.045,12.13,0.045,7.73,0.64,0.09,8332,0.334,59990,8.75,162845,81945
Network,United,1997,121427,12.41,0.72,15069,155500,2966,27528,0.227,10.77,0.72,38425,0.227,0.197,7.72,0.47,46368,11.08,5139,8.06,0.73,0.377,0.382,9929,0.618,75060,13.23,9.42,0.659,0.71,105366,0.623,1.35,1462,13424,10.89,0.79,17020,0.101,0.111,8.59,0.097,0.17,712,0.049,5416,0.045,13.14,0.047,8.57,0.65,0.09,8300,0.341,63745,8.91,169111,84247
Network,United,1998,124610,12.2,0.72,15202,156117,2330,24910,0.2,9.35,0.72,34820,0.2,0.153,6.69,0.36,45677,10.09,4607,7.2,0.71,0.368,0.367,10595,0.633,78934,13.42,9.63,0.697,0.72,109979,0.632,1.2,1566,14889,10.52,0.76,19501,0.112,0.119,8.03,0.103,0.16,711,0.056,5878,0.047,12.09,0.047,7.32,0.61,0.08,9708,0.303,64030,8.74,174009,86868
Network,United,1999,125466,12.31,0.71,15441,157620,2144,22207,0.177,9.66,0.72,30707,0.174,0.139,6.98,0.32,44901,9.98,4479,7.24,0.73,0.35,0.358,10962,0.642,80565,13.61,9.54,0.71,0.7,114856,0.65,1.2,1671,16994,9.83,0.77,22134,0.125,0.135,7.55,0.108,0.19,664,0.051,5699,0.045,11.64,0.043,7.38,0.63,0.07,8991,0.29,61832,8.74,176688,86581
Network,United,2000,126934,13.08,0.72,16603,153236,2539,24649,0.194,10.3,0.73,33875,0.193,0.153,7.5,0.5,48388,10.63,5145,7.86,0.74,0.373,0.381,11458,0.619,78546,14.59,10.41,0.69,0.71,110028,0.627,1.6,1916,18074,10.6,0.77,23469,0.134,0.142,8.16,0.115,0.31,689,0.046,5664,0.045,12.17,0.042,8.49,0.7,0.1,8121,0.31,65465,9.46,175493,83913
Network,United,2001,116636,11.55,0.71,13466,139542,2092,23216,0.199,9.01,0.71,32671,0.198,0.155,6.4,0.49,46005,9.44,4343,6.78,0.72,0.388,0.394,9123,0.606,70631,12.92,9.05,0.678,0.7,100836,0.612,1.56,1681,17807,9.44,0.74,24011,0.146,0.153,7,0.125,0.33,570,0.044,4982,0.043,11.43,0.042,7.77,0.68,0.1,7332,0.322,64014,8.17,164850,75182
Network,United,2002,109462,10.52,0.74,11519,121570,1941,22187,0.203,8.75,0.8,27858,0.187,0.168,6.97,0.38,42216,9.13,3856,7.07,0.77,0.366,0.386,7663,0.614,67246,11.39,8.12,0.665,0.71,94363,0.634,1.21,1514,16008,9.45,0.78,20475,0.138,0.146,7.39,0.131,0.26,402,0.042,4021,0.037,9.99,0.035,6.49,0.65,0.07,6189,0.335,54522,7.74,148884,68494
Network,United,2003,104394,10.17,0.76,10619,108806,1634,18981,0.182,8.61,0.78,24326,0.178,0.154,6.72,0.38,37437,8.85,3314,6.93,0.78,0.35,0.359,7305,0.641,66958,10.91,8.23,0.688,0.75,88730,0.65,1.33,1331,14718,9.04,0.8,18425,0.135,0.141,7.22,0.125,0.29,350,0.037,3738,0.036,9.35,0.033,6.87,0.74,0.07,5085,0.312,47837,7.78,136567,66101
Network,United,2004,115231,10.37,0.79,11954,112438,2255,23122,0.201,9.75,0.82,28055,0.193,0.189,8.04,0.61,42593,9.88,4207,8.09,0.82,0.357,0.37,7747,0.63,72638,10.66,8.29,0.648,0.78,93417,0.643,1.86,1594,16017,9.95,0.82,19471,0.134,0.139,8.19,0.133,0.39,357,0.031,3454,0.03,10.34,0.03,8.04,0.78,0.09,4445,0.352,51970,8.22,145387,70880
Network,United,2005,114274,10.9,0.81,12460,102579,2631,25823,0.226,10.19,0.82,31683,0.226,0.211,8.3,1,45938,10.44,4795,8.5,0.81,0.402,0.402,7666,0.598,68336,11.22,9.14,0.615,0.81,83895,0.598,2.33,1753,16096,10.89,0.82,19556,0.139,0.141,8.96,0.141,0.57,411,0.037,4018,0.035,10.23,0.033,7.96,0.78,0.14,5163,0.385,56402,8.88,140297,66802
Network,United,2006,117474,11.82,0.82,13890,104932,2865,26154,0.223,10.96,0.83,31554,0.221,0.206,9.08,1.17,46535,11.28,5248,9.32,0.83,0.393,0.396,8642,0.604,70939,12.18,9.96,0.622,0.82,86799,0.607,2.82,1891,15846,11.94,0.83,19094,0.133,0.135,9.9,0.136,0.66,492,0.039,4535,0.039,10.84,0.035,8.72,0.8,0.18,5640,0.378,56289,9.71,143087,69325
Network,United,2007,117403,12.65,0.83,14846,103502,3237,26433,0.225,12.25,0.81,32470,0.229,0.218,9.97,1.26,47527,12.8,6084,10.5,0.82,0.408,0.405,8761,0.595,69876,12.54,10.43,0.59,0.83,83970,0.592,2.82,2349,17058,13.77,0.84,20397,0.144,0.145,11.52,0.158,0.75,498,0.036,4036,0.034,12.33,0.034,9.83,0.8,0.17,5064,0.41,57930,10.46,141900,68386
Network,United,2008,110064,13.38,0.81,14728,96926,3122,23947,0.218,13.04,0.77,30911,0.228,0.212,10.1,1.88,46161,13.46,6214,10.63,0.79,0.43,0.419,8514,0.581,63903,13.32,11,0.578,0.83,77397,0.57,4.2,2566,18403,13.95,0.81,22635,0.167,0.167,11.34,0.174,1.37,526,0.036,3811,0.035,13.79,0.036,10.68,0.77,0.27,4919,0.422,58465,10.84,135862,63150
Network,United,2009,100475,11.21,0.82,11262,84855,2225,21412,0.213,10.39,0.78,27354,0.223,0.198,8.13,0.82,42429,11.25,4771,8.93,0.79,0.435,0.422,6491,0.578,58047,11.18,9.36,0.576,0.84,69335,0.565,1.84,2207,17937,12.31,0.81,22041,0.18,0.179,10.01,0.196,0.63,340,0.033,3079,0.031,11.03,0.03,8.47,0.77,0.12,4008,0.424,53403,9.18,122738,56083
Network,United,2010,102524,13.12,0.84,13447,79102,3064,23124,0.226,13.25,0.85,27257,0.224,0.228,11.24,1.11,45206,13.99,6326,11.63,0.83,0.446,0.441,7121,0.559,57318,12.42,10.55,0.53,0.85,67521,0.554,2.37,2778,18728,14.83,0.82,22913,0.188,0.183,12.12,0.207,0.93,484,0.035,3355,0.033,14.43,0.036,11.47,0.79,0.17,4221,0.47,54391,11.03,121912,162296
Network,United,2011,99636,14.21,0.84,14159,73693,3243,22985,0.231,14.11,0.83,27859,0.234,0.229,11.64,1.41,45781,14.92,6829,12.05,0.81,0.476,0.459,7330,0.541,53855,13.61,11.76,0.518,0.86,62314,0.524,2.74,2908,18513,15.71,0.8,23283,0.196,0.186,12.49,0.205,1.17,678,0.046,4284,0.043,15.83,0.048,12.29,0.78,0.25,5518,0.482,56659,11.9,118973,151500
Network,United,2012,179398,14.31,0.83,25666,130247,4962,31786,0.177,15.61,0.83,38407,0.178,0.193,12.92,2.05,85495,15.37,13144,12.44,0.81,0.489,0.477,12522,0.523,93903,13.33,11.32,0.488,0.85,110625,0.511,5.1,5582,38028,14.68,0.8,47708,0.221,0.212,11.7,0.217,2.53,2601,0.09,15681,0.087,16.59,0.101,13.3,0.8,1.03,19560,0.512,105674,11.87,216299,277638
Network,United,2013,178561,14.48,0.84,25853,125134,4750,31540,0.177,15.06,0.83,37921,0.178,0.184,12.53,2.04,85649,15.51,13280,12.7,0.82,0.491,0.48,12573,0.52,92912,13.53,11.6,0.486,0.86,108407,0.509,4.72,5913,38298,15.44,0.81,47111,0.221,0.214,12.55,0.229,2.31,2618,0.092,15812,0.089,16.55,0.101,13.4,0.81,0.92,19538,0.514,104570,12.14,212977,270903
Network,United,2014,178989,14.87,0.84,26615,124431,4709,31797,0.178,14.81,0.81,39017,0.182,0.177,12.07,1.99,86727,15.66,13578,12.71,0.81,0.499,0.485,13038,0.515,92262,14.13,12.15,0.49,0.86,107273,0.501,4.38,6082,37945,16.03,0.8,47164,0.22,0.212,12.89,0.229,2.22,2787,0.096,16985,0.095,16.41,0.105,13.52,0.82,0.91,20607,0.51,106788,12.43,214061,271711
Network,United,2015,183625,14.25,0.83,26160,130602,4378,32657,0.178,13.41,0.82,39932,0.182,0.167,10.96,1.33,88408,14.7,12994,11.86,0.81,0.498,0.481,13167,0.519,95216,13.83,11.93,0.503,0.86,110361,0.502,2.89,5923,37633,15.74,0.79,47389,0.215,0.205,12.5,0.226,,2693,0.101,18119,0.099,14.86,0.103,12.09,0.81,0.64,22274,0.497,109595,11.89,219956,286575
Network,United,2016,186157,13.56,0.83,25239,137591,4163,33504,0.18,12.43,0.82,40727,0.181,0.165,10.22,0.99,88407,13.79,12193,11.03,0.8,0.492,0.475,13046,0.525,97751,13.35,11.44,0.517,0.86,114059,0.508,2.28,5411,35978,15.04,0.76,47247,0.21,0.193,11.45,0.214,,2619,0.101,18925,0.102,13.84,0.104,11.58,0.84,0.51,22620,0.483,110594,11.23,224653,300933
Network,United,2017,193427,13.65,0.82,26398,147637,4035,33158,0.171,12.17,0.79,41839,0.178,0.153,9.65,1.14,88903,13.9,12358,10.96,0.79,0.481,0.46,14039,0.54,104524,13.43,11.53,0.532,0.86,121786,0.519,2.78,5514,36327,15.18,0.77,47464,0.202,0.188,11.62,0.209,,2808,0.1,19418,0.1,14.46,0.106,11.97,0.83,0.6,23458,0.468,112761,11.25,234547,322200
Network,United,2018,204905,14.03,0.84,28757,154752,4214,33656,0.164,12.52,0.79,42395,0.173,0.147,9.94,1.41,94237,14.03,13222,11.4,0.81,0.474,0.46,15536,0.54,110668,14.04,12.06,0.54,0.86,128787,0.526,3.82,6187,40612,15.23,0.82,49725,0.203,0.198,12.44,0.215,,2821,0.097,19969,0.097,14.13,0.098,11.82,0.84,0.78,23864,0.46,115984,11.75,244771,339962
Network,United,2019,213231,14.2,0.84,30269,158584,4249,34501,0.162,12.31,0.81,42612,0.168,0.14,9.97,1.32,98372,14.07,13844,11.6,0.82,0.471,0.461,16425,0.539,114859,14.3,12.27,0.543,0.86,133872,0.529,3.68,6526,43404,15.04,0.83,52608,0.208,0.204,12.41,0.216,,3069,0.095,20467,0.096,14.99,0.101,12.7,0.85,0.76,24162,0.457,119382,11.95,253255,349129
Network,United,2020,62628,13.16,0.6,8239,65760,885,6208,0.099,14.25,0.55,11314,0.108,0.107,7.82,0.48,24355,14.11,3435,7.82,0.55,0.419,0.389,4804,0.611,38273,12.55,7.89,0.583,0.63,60868,0.581,1.22,1444,10627,13.59,0.5,21220,0.202,0.17,6.81,0.175,,1107,0.109,7519,0.12,14.72,0.134,9.69,0.66,0.28,11416,0.417,43951,7.86,104819,113894
Network,United,1995,111812,11.65,0.71,13027,151622,2874,26103,0.233,11.01,0.73,35971,0.227,0.221,7.99,0.39,42294,10.8,4566,7.84,0.73,0.367,0.378,8461,0.622,69517,12.17,8.43,0.649,0.69,100345,0.633,1.08,1104,11157,9.89,0.78,14263,0.09,0.1,7.74,0.085,0.14,588,0.05,5034,0.045,11.69,0.045,7.36,0.63,0.07,7992,0.351,58225,8.22,158570,78808
Network,US Airways,1996,39296,17.3,0.69,6799,98941,,0,0,0,,0,0,0,0,0,3047,9.28,283,6.83,0.74,0.072,0.078,6517,0.922,36249,17.98,12.25,0.958,0.68,53207,0.928,0.67,214,2393,8.95,0.76,3131,0.055,0.061,6.84,0.032,0.03,69,0.018,654,0.017,10.49,0.01,6.79,0.65,0.01,1011,0.042,4142,11.86,57349,56894
Network,US Airways,1997,41749,17.04,0.71,7112,98809,,0,0,0,,0,0,0,0,0,4020,9.64,387,7.44,0.77,0.089,0.096,6725,0.904,37729,17.82,12.62,0.946,0.71,53296,0.911,0.64,294,3325,8.83,0.78,4239,0.072,0.08,6.93,0.041,0.04,94,0.016,695,0.017,13.48,0.013,9.71,0.72,0.01,965,0.054,5204,12.16,58499,58814
Network,US Airways,1998,41386,16.96,0.73,7021,95277,,0,0,0,,0,0,0,0,0,4555,9.57,436,7.41,0.77,0.103,0.11,6585,0.89,36831,17.88,12.91,0.938,0.72,51001,0.897,0.47,333,3799,8.77,0.78,4882,0.086,0.092,6.82,0.047,0.03,103,0.018,756,0.018,13.62,0.015,10.3,0.76,0.01,999,0.062,5881,12.34,56882,58094
Network,US Airways,1999,41565,16.48,0.7,6848,96216,,0,0,0,,0,0,0,0,0,5366,9.05,486,7.07,0.78,0.116,0.129,6362,0.871,36199,17.58,12.15,0.929,0.69,52379,0.884,0.54,377,4628,8.14,0.79,5890,0.099,0.111,6.4,0.055,0.05,109,0.017,738,0.018,14.74,0.016,11.11,0.75,0.01,979,0.071,6869,11.56,59248,55893
Network,US Airways,2000,46925,16.1,0.7,7556,104228,,0,0,0,,0,0,0,0,0,6862,8.95,614,6.99,0.78,0.132,0.146,6942,0.854,40064,17.33,12,0.919,0.69,57849,0.868,1.01,481,5951,8.08,0.79,7497,0.113,0.127,6.41,0.064,0.11,133,0.019,910,0.019,14.63,0.018,10.37,0.71,0.02,1284,0.081,8782,11.34,66631,59830
Network,US Airways,2001,46000,14.3,0.69,6580,100110,,0,0,0,,0,0,0,0,0,8021,8.64,693,6.38,0.74,0.163,0.174,5887,0.826,37978,15.5,10.53,0.895,0.68,55898,0.837,0.89,519,6713,7.73,0.73,9134,0.137,0.146,5.68,0.079,0.13,175,0.026,1309,0.028,13.36,0.027,10.04,0.75,0.02,1742,0.105,10876,9.85,66773,56148
Network,US Airways,2002,40079,13.03,0.71,5224,82344,,0,0,0,,0,0,0,0,0,8377,8.85,742,6.91,0.78,0.19,0.209,4482,0.791,31702,14.14,9.81,0.858,0.69,45683,0.81,0.6,510,6516,7.83,0.8,8177,0.145,0.163,6.24,0.098,0.1,232,0.045,1860,0.046,12.45,0.044,9.08,0.73,0.03,2551,0.142,10728,9.26,56411,47168
Network,US Airways,2003,37785,13.03,0.73,4925,67687,,0,0,0,,0,0,0,0,0,9353,9.09,850,7.06,0.78,0.234,0.248,4075,0.752,28433,14.33,10.31,0.827,0.72,39525,0.766,0.6,531,6883,7.71,0.8,8635,0.167,0.182,6.14,0.108,0.12,320,0.066,2469,0.065,12.95,0.065,9.38,0.72,0.05,3409,0.173,12044,9.55,51569,41264
Network,US Airways,2004,40506,12.47,0.75,5051,69047,,0,0,0,,0,0,0,0,0,10549,9.89,1044,7.7,0.78,0.251,0.26,4007,0.74,29957,13.38,9.91,0.793,0.74,40447,0.749,0.78,628,7179,8.74,0.82,8725,0.162,0.177,7.19,0.124,0.15,416,0.089,3370,0.083,12.35,0.082,8.63,0.7,0.08,4823,0.207,13548,9.35,53996,42408
Network,US Airways,2005,40152,12.57,0.75,5046,68750,,0,0,0,,0,0,0,0,0,10396,10.54,1096,8.22,0.78,0.25,0.259,3949,0.741,29756,13.27,9.85,0.783,0.74,40104,0.75,1.21,664,6900,9.62,0.82,8456,0.158,0.172,7.85,0.132,0.23,433,0.091,3495,0.087,12.38,0.086,8.87,0.72,0.13,4876,0.217,13333,9.44,53436,41869
Network,US Airways,2006,37368,13.56,0.78,5068,186245,,0,0,0,,0,0,0,0,0,10270,12.57,1291,9.61,0.76,0.281,0.275,3777,0.725,27098,13.94,11,0.745,0.79,34340,0.719,2.12,833,6876,12.11,0.79,8713,0.182,0.184,9.56,0.164,0.22,459,0.099,3394,0.091,13.51,0.09,9.72,0.72,0.18,4717,0.255,13430,10.61,47771,36496
Network,US Airways,2007,43567,13.7,0.8,5967,182997,,0,0,0,,0,0,0,0,0,11228,12.01,1348,9.33,0.78,0.265,0.258,4619,0.742,32339,14.28,11.55,0.774,0.81,39999,0.735,2.14,896,7920,11.31,0.78,10203,0.187,0.182,8.78,0.15,0.32,452,0.078,3308,0.076,13.67,0.076,10.64,0.78,0.16,4252,0.226,14455,10.96,54454,42200
Network,US Airways,2008,60568,13.16,0.82,7973,77664,,0,0,0,,0,0,0,0,0,12653,12.59,1593,9.91,0.79,0.217,0.209,6380,0.791,47915,13.32,10.98,0.8,0.82,58085,0.783,2.85,1018,8524,11.95,0.78,10988,0.148,0.141,9.27,0.128,0.51,574,0.068,4129,0.068,13.91,0.072,11.31,0.81,0.24,5076,0.2,16065,10.75,74150,54820
Network,US Airways,2009,57887,11.32,0.82,6556,72754,,0,0,0,,0,0,0,0,0,13574,10.16,1379,7.89,0.78,0.247,0.234,5177,0.766,44312,11.68,9.72,0.79,0.83,53251,0.753,1.44,861,9339,9.22,0.78,11991,0.17,0.161,7.18,0.131,0.29,518,0.077,4235,0.073,12.24,0.079,9.46,0.77,0.13,5480,0.21,17471,9.27,70722,51016
Network,US Airways,2010,58973,12.68,0.82,7476,72950,,0,0,0,,0,0,0,0,0,15108,11.87,1793,9.49,0.8,0.264,0.256,5683,0.744,43865,12.96,10.78,0.76,0.83,52702,0.736,1.84,1138,10014,11.36,0.81,12426,0.174,0.17,9.16,0.152,0.35,655,0.09,5094,0.086,12.85,0.088,10.14,0.79,0.2,6456,0.24,18882,10.44,71584,155560
Network,US Airways,2011,60774,13.76,0.84,8362,73295,,0,0,0,,0,0,0,0,0,15690,12.94,2030,10.44,0.81,0.268,0.258,6332,0.742,45084,14.05,11.91,0.757,0.85,53152,0.732,2.54,1319,10791,12.22,0.8,13452,0.185,0.178,9.8,0.158,0.59,711,0.083,4899,0.081,14.52,0.085,11.87,0.82,0.26,5993,0.243,19446,11.52,72598,158876
Network,US Airways,2012,62430,14.16,0.84,8841,73919,,0,0,0,,0,0,0,0,0,15772,13.43,2119,10.76,0.8,0.265,0.253,6722,0.747,46658,14.41,12.33,0.76,0.86,54504,0.735,2.6,1365,10739,12.71,0.79,13603,0.183,0.172,10.03,0.154,0.6,754,0.082,5032,0.081,14.99,0.085,12.37,0.83,0.27,6098,0.24,19701,11.91,74204,162830
Network,US Airways,2013,66160,14.38,0.85,9511,76721,,0,0,0,,0,0,0,0,0,16718,13.65,2282,11.13,0.82,0.263,0.253,7229,0.747,49442,14.62,12.6,0.76,0.86,57388,0.737,2.59,1478,11348,13.03,0.81,13975,0.179,0.172,10.58,0.155,0.59,804,0.084,5371,0.081,14.97,0.085,12.31,0.82,0.28,6528,0.24,20502,12.21,77891,171136
Network,US Airways,2014,66301,15.02,0.83,9957,77957,,0,0,0,,0,0,0,0,0,16222,13.72,2225,10.46,0.76,0.266,0.245,7732,0.755,50079,15.44,13.18,0.777,0.85,58647,0.734,2.51,1443,10972,13.15,0.75,14719,0.184,0.165,9.8,0.145,0.6,782,0.082,5251,0.079,14.9,0.079,11.95,0.8,0.27,6547,0.223,21266,12.46,79913,172661
Network,US Airways,2015,32395,15.45,0.83,5006,0,,0,0,0,,0,0,0,0,0,7421,14.2,1054,10.76,0.76,0.251,0.229,3953,0.771,24974,15.83,13.54,0.79,0.86,29201,0.749,0,639,4715,13.56,0.72,6573,0.169,0.146,9.73,0.128,,414,0.083,2706,0.084,15.31,0.083,12.86,0.84,,3221,0.21,9794,12.84,38995,84811
Network,US Airways,2016,0,0,,0,0,,0,,0,,0,,,0,0,0,0,0,0,,,,0,,0,0,0,,,0,,0,,0,0,,0,,,0,,,,,0,,0,,0,,,0,,0,0,0,0
Network,US Airways,2017,0,0,,0,0,,0,,0,,0,,,0,0,0,0,0,0,,,,0,,0,0,0,,,0,,0,,0,0,,0,,,0,,,,,0,,0,,0,,,0,,0,0,0,0
Network,US Airways,2018,0,0,,0,0,,0,,0,,0,,,0,0,0,0,0,0,,,,0,,0,0,0,,,0,,0,,0,0,,0,,,0,,,,,0,,0,,0,,,0,,0,0,0,0
Network,US Airways,2019,0,0,,0,0,,0,,0,,0,,,0,0,0,0,0,0,,,,0,,0,0,0,,,0,,0,,0,0,,0,,,0,,,,,0,,0,,0,,,0,,0,0,0,0
Network,US Airways,2020,0,0,,0,0,,0,,0,,0,,,0,0,0,0,0,0,,,,0,,0,0,0,,,0,,0,,0,0,,0,,,0,,,,,0,,0,,0,,,0,,0,0,0,0
Network,US Airways,1995,38102,16.45,0.65,6268,104190,,0,0,0,,0,0,0,0,0,2146,9.75,209,6.95,0.71,0.051,0.056,6059,0.944,35956,16.85,10.88,0.967,0.65,55670,0.949,0.58,143,1570,9.09,0.78,2014,0.034,0.041,7.08,0.023,0.02,67,0.017,576,0.015,11.54,0.011,6.68,0.58,0.01,995,0.033,3009,10.68,58679,57035
Network,America West,1996,15321,10.61,0.71,1625,29500,,0,0,0,,0,0,0,0,0,381,10.14,39,5.62,0.55,0.032,0.025,1587,0.975,14940,10.62,7.58,0.976,0.71,20937,0.968,0.24,0,0,0,,0,0,0,0,0,0,39,0.032,381,0.025,10.14,0.024,5.62,0.55,0.01,687,0.024,687,7.52,21625,18178
Network,America West,1997,16204,10.82,0.69,1753,30185,,0,0,0,,0,0,0,0,0,420,10.42,44,5.73,0.55,0.032,0.026,1710,0.974,15784,10.83,7.5,0.975,0.69,22804,0.968,0.25,0,0,0,,0,0,0,0,0,0,44,0.032,420,0.026,10.42,0.025,5.73,0.55,0.01,764,0.025,764,7.44,23568,18331
Network,America West,1998,16374,11.32,0.67,1853,29541,,0,0,0,,0,0,0,0,0,371,11.18,42,6.17,0.55,0.028,0.023,1812,0.977,16003,11.32,7.67,0.978,0.68,23634,0.972,0.2,0,0,0,,0,0,0,0,0,0,42,0.028,371,0.023,11.18,0.022,6.17,0.55,0.01,673,0.022,673,7.62,24307,17792
Network,America West,1999,17709,11.43,0.68,2024,30046,,0,0,0,,0,0,0,0,0,325,14.09,46,9.05,0.64,0.02,0.018,1978,0.982,17385,11.38,7.79,0.977,0.68,25402,0.98,0.25,0,0,0,,0,0,0,0,0,0,46,0.02,325,0.018,14.09,0.023,9.05,0.64,0.01,506,0.023,506,7.81,25908,18704
Network,America West,2000,19113,11.38,0.7,2176,30897,,0,0,0,,0,0,0,0,0,353,12.04,42,8.37,0.69,0.019,0.018,2133,0.982,18761,11.37,8.02,0.98,0.71,26605,0.981,0.41,0,0,0,,0,0,0,0,0,0,42,0.019,353,0.018,12.04,0.02,8.37,0.69,0.01,508,0.02,508,8.02,27112,19954
Network,America West,2001,19080,10.13,0.72,1933,29705,,0,0,0,,0,0,0,0,0,400,12.89,52,9.13,0.71,0.021,0.021,1882,0.979,18679,10.07,7.24,0.973,0.72,25980,0.979,0.35,0,0,0,,0,0,0,0,0,0,52,0.021,400,0.021,12.89,0.027,9.13,0.71,0.01,566,0.027,566,7.28,26546,19594
Network,America West,2002,19871,9.66,0.74,1920,28438,,0,0,0,,0,0,0,0,0,510,13.21,67,8.53,0.65,0.029,0.026,1853,0.974,19361,9.57,7.07,0.965,0.74,26205,0.971,0.31,0,0,0,,0,0,0,0,0,0,67,0.029,510,0.026,13.21,0.035,8.53,0.65,0.01,789,0.035,789,7.11,26994,19451
Network,America West,2003,21285,9.91,0.76,2108,27717,,0,0,0,,0,0,0,0,0,597,13.47,80,8.51,0.63,0.034,0.028,2028,0.972,20688,9.8,7.53,0.962,0.77,26926,0.966,0.39,0,0,0,,0,0,0,0,0,0,80,0.034,597,0.028,13.47,0.038,8.51,0.63,0.01,946,0.038,946,7.56,27873,20048
Network,America West,2004,23335,9.4,0.77,2192,28654,,0,0,0,,0,0,0,0,0,734,12.44,91,9.27,0.75,0.033,0.031,2101,0.969,22601,9.3,7.2,0.958,0.77,29171,0.967,0.56,0,0,0,,0,0,0,0,0,0,91,0.033,734,0.031,12.44,0.042,9.27,0.75,0.02,984,0.042,984,7.27,30155,21132
Network,America West,2005,24262,10.35,0.8,2510,29677,,0,0,0,,0,0,0,0,0,885,12.21,108,9.4,0.77,0.038,0.036,2402,0.964,23376,10.27,8.18,0.957,0.8,29354,0.962,0.77,0,0,0,,0,0,0,0,0,0,108,0.038,885,0.036,12.21,0.043,9.4,0.77,0.03,1150,0.043,1150,8.23,30504,22130
Network,America West,2006,23554,11.67,0.8,2749,28810,,0,0,0,,0,0,0,0,0,764,13.95,107,10.91,0.78,0.033,0.032,2643,0.968,22790,11.6,9.25,0.961,0.8,28580,0.967,0,0,0,0,,0,0,0,0,0,0,107,0.033,764,0.032,13.95,0.039,10.91,0.78,,976,0.039,976,9.3,29556,21190
Network,America West,2007,17689,11.13,0.83,1968,20492,,0,0,0,,0,0,0,0,0,640,13.01,83,10,0.77,0.039,0.036,1885,0.964,17049,11.06,9.18,0.958,0.83,20547,0.961,0,0,0,0,,0,0,0,0,0,0,83,0.039,640,0.036,13.01,0.042,10,0.77,,833,0.042,833,9.21,21380,15665
Network,America West,2008,0,0,,0,0,,0,,0,,0,,,0,0,0,0,0,0,,,,0,,0,0,0,,,0,,0,0,0,0,,0,,,0,,0,,,0,,0,,0,,,0,,0,0,0,0
Network,America West,2009,0,0,,0,0,,0,,0,,0,,,0,0,0,0,0,0,,,,0,,0,0,0,,,0,,0,0,0,0,,0,,,0,,0,,,0,,0,,0,,,0,,0,0,0,0
Network,America West,2010,0,0,,0,0,,0,,0,,0,,,0,0,0,0,0,0,,,,0,,0,0,0,,,0,,0,0,0,0,,0,,,0,,0,,,0,,0,,0,,,0,,0,0,0,0
Network,America West,2011,0,0,,0,0,,0,,0,,0,,,0,0,0,0,0,0,,,,0,,0,0,0,,,0,,0,0,0,0,,0,,,0,,0,,,0,,0,,0,,,0,,0,0,0,0
Network,America West,2012,0,0,,0,0,,0,,0,,0,,,0,0,0,0,0,0,,,,0,,0,0,0,,,0,,0,0,0,0,,0,,,0,,0,,,0,,0,,0,,,0,,0,0,0,0
Network,America West,2013,0,0,,0,0,,0,,0,,0,,,0,0,0,0,0,0,,,,0,,0,0,0,,,0,,0,0,0,0,,0,,,0,,0,,,0,,0,,0,,,0,,0,0,0,0
Network,America West,2014,0,0,,0,0,,0,,0,,0,,,0,0,0,0,0,0,,,,0,,0,0,0,,,0,,0,0,0,0,,0,,,0,,0,,,0,,0,,0,,,0,,0,0,0,0
Network,America West,2015,0,0,,0,0,,0,,0,,0,,,0,0,0,0,0,0,,,,0,,0,0,0,,,0,,0,0,0,0,,0,,,0,,,,,0,,0,,0,,,0,,0,0,0,0
Network,America West,2016,0,0,,0,0,,0,,0,,0,,,0,0,0,0,0,0,,,,0,,0,0,0,,,0,,0,,0,0,,0,,,0,,,,,0,,0,,0,,,0,,0,0,0,0
Network,America West,2017,0,0,,0,0,,0,,0,,0,,,0,0,0,0,0,0,,,,0,,0,0,0,,,0,,0,,0,0,,0,,,0,,,,,0,,0,,0,,,0,,0,0,0,0
Network,America West,2018,0,0,,0,0,,0,,0,,0,,,0,0,0,0,0,0,,,,0,,0,0,0,,,0,,0,,0,0,,0,,,0,,,,,0,,0,,0,,,0,,0,0,0,0
Network,America West,2019,0,0,,0,0,,0,,0,,0,,,0,0,0,0,0,0,,,,0,,0,0,0,,,0,,0,,0,0,,0,,,0,,,,,0,,0,,0,,,0,,0,0,0,0
Network,America West,2020,0,0,,0,0,,0,,0,,0,,,0,0,0,0,0,0,,,,0,,0,0,0,,,0,,0,,0,0,,0,,,0,,,,,0,,0,,0,,,0,,0,0,0,0
Network,America West,1995,13313,10.84,0.69,1443,28311,,0,0,0,,0,0,0,0,0,146,11.52,17,6.81,0.59,0.013,0.011,1426,0.989,13167,10.83,7.44,0.988,0.69,19175,0.987,0.18,0,0,0,,0,0,0,0,0,0,17,0.013,146,0.011,11.52,0.012,6.81,0.59,0,247,0.012,247,7.43,19421,16848
LCC,Southwest,1996,27228,12.01,0.67,3269,99244,,0,0,0,,0,0,0,0,0,0,0,0,0,,0,0,3269,1,27228,12.01,7.99,1,0.67,40900,1,0.49,0,0,0,,0,0,0,0,0,0,,0,0,0,0,0,0,,,0,0,0,7.99,40900,55491
LCC,Southwest,1997,28531,12.76,0.64,3639,104758,,0,0,0,,0,0,0,0,0,0,0,0,0,,0,0,3639,1,28531,12.76,8.14,1,0.64,44728,1,0.49,0,0,0,,0,0,0,0,0,0,,0,0,0,0,0,0,,,0,0,0,8.14,44728,51669
LCC,Southwest,1998,30837,12.85,0.65,3964,107882,,0,0,0,,0,0,0,0,0,0,0,0,0,,0,0,3964,1,30837,12.85,8.32,1,0.65,47619,1,0.39,0,0,0,,0,0,0,0,0,0,,0,0,0,0,0,0,,,0,0,0,8.32,47619,59177
LCC,Southwest,1999,36485,12.33,0.69,4499,113905,,0,0,0,,0,0,0,0,0,0,0,0,0,,0,0,4499,1,36485,12.33,8.51,1,0.69,52901,1,0.49,0,0,0,,0,0,0,0,0,0,,0,0,0,0,0,0,,,0,0,0,8.51,52901,65486
LCC,Southwest,2000,42230,12.78,0.7,5397,121907,,0,0,0,,0,0,0,0,0,0,0,0,0,,0,0,5397,1,42230,12.78,9,1,0.7,59941,1,0.83,0,0,0,,0,0,0,0,0,0,,0,0,0,0,0,0,,,0,0,0,9,59941,72710
LCC,Southwest,2001,44606,11.86,0.68,5290,127254,,0,0,0,,0,0,0,0,0,0,0,0,0,,0,0,5290,1,44606,11.86,8.07,1,0.68,65538,1,0.85,0,0,0,,0,0,0,0,0,0,,0,0,0,0,0,0,,,0,0,0,8.07,65538,73743
LCC,Southwest,2002,45507,11.51,0.66,5237,128305,,0,0,0,,0,0,0,0,0,0,0,0,0,,0,0,5237,1,45507,11.51,7.58,1,0.66,69050,1,0.85,0,0,0,,0,0,0,0,0,0,,0,0,0,0,0,0,,,0,0,0,7.58,69050,72516
LCC,Southwest,2003,48043,11.68,0.67,5612,128745,,0,0,0,,0,0,0,0,0,0,0,0,0,,0,0,5612,1,48043,11.68,7.8,1,0.67,71924,1,0.92,0,0,0,,0,0,0,0,0,0,,0,0,0,0,0,0,,,0,0,0,7.8,71924,74788
LCC,Southwest,2004,53534,11.42,0.7,6116,133473,,0,0,0,,0,0,0,0,0,0,0,0,0,,0,0,6116,1,53534,11.42,7.94,1,0.7,77020,1,1.11,0,0,0,,0,0,0,0,0,0,,0,0,0,0,0,0,,,0,0,0,7.94,77020,81150
LCC,Southwest,2005,60352,11.75,0.71,7092,140404,,0,0,0,,0,0,0,0,0,0,0,0,0,,0,0,7092,1,60352,11.75,8.31,1,0.71,85362,1,1.47,0,0,0,,0,0,0,0,0,0,,0,0,0,0,0,0,,,0,0,0,8.31,85362,88474
LCC,Southwest,2006,67789,12.61,0.73,8546,149116,,0,0,0,,0,0,0,0,0,0,0,0,0,,0,0,8546,1,67789,12.61,9.21,1,0.73,92795,1,2.28,0,0,0,,0,0,0,0,0,0,,0,0,0,0,0,0,,,0,0,0,9.21,92795,96349
LCC,Southwest,2007,72416,12.66,0.73,9167,158421,,0,0,0,,0,0,0,0,0,0,0,0,0,,0,0,9167,1,72416,12.66,9.19,1,0.73,99776,1,2.69,0,0,0,,0,0,0,0,0,0,,0,0,0,0,0,0,,,0,0,0,9.19,99776,101990
LCC,Southwest,2008,73644,13.88,0.71,10225,162603,,0,0,0,,0,0,0,0,0,0,0,0,0,,0,0,10225,1,73644,13.88,9.88,1,0.71,103494,1,3.71,0,0,0,,0,0,0,0,0,0,,0,0,0,0,0,0,,,0,0,0,9.88,103494,102042
LCC,Southwest,2009,74576,12.82,0.76,9561,153565,,0,0,0,,0,0,0,0,0,0,0,0,0,,0,0,9561,1,74576,12.82,9.74,1,0.76,98177,1,3.04,0,0,0,,0,0,0,0,0,0,,0,0,0,0,0,0,,,0,0,0,9.74,98177,101430
LCC,Southwest,2010,78138,14.23,0.79,11122,152104,,0,0,0,,0,0,0,0,0,0,0,0,0,,0,0,11122,1,78138,14.23,11.28,1,0.79,98563,1,3.62,0,0,0,,0,0,0,0,0,0,,0,0,0,0,0,0,,,0,0,0,11.28,98563,318885
LCC,Southwest,2011,83912,14.99,0.81,12582,156345,,0,0,0,,0,0,0,0,0,0,0,0,0,,0,0,12582,1,83912,14.99,12.11,1,0.81,103891,1,4.83,0,0,0,,0,0,0,0,0,0,,0,0,0,0,0,0,,,0,0,0,12.11,103891,331916
LCC,Southwest,2012,85641,17.35,0.8,14859,185377,,0,0,0,,0,0,0,0,0,0,0,111,0,,0,0,14749,1,85641,17.22,13.85,0.993,0.8,106486,1,5.8,0,0,0,,0,0,0,0,0,0,111,0,0,0,0,0.007,0,,0.04,0,0.007,0,13.95,106486,336887
LCC,Southwest,2013,90266,18.53,0.8,16722,185636,,0,0,0,,0,0,0,0,0,0,0,200,0,,0,0,16522,1,90266,18.3,14.66,0.988,0.8,112683,1,5.69,0,0,0,,0,0,0,0,0,0,200,0,0,0,0,0.012,0,,0.07,0,0.012,0,14.84,112683,346185
LCC,Southwest,2014,101275,17.44,0.83,17658,181958,,0,0,0,,0,0,0,0,0,641,33.45,214,24.24,0.72,0.007,0.006,17443,0.994,100633,17.33,14.31,0.988,0.83,121868,0.993,5.23,0,0,0,,0,0,0,0,0,0,214,0.007,641,0.006,33.45,0.012,24.24,0.72,0.06,885,0.012,885,14.38,122753,381814
LCC,Southwest,2015,117616,15.56,0.84,18299,187609,,0,0,0,,0,0,0,0,0,2893,9.16,265,7.26,0.79,0.026,0.025,18034,0.975,114723,15.72,13.16,0.986,0.84,137019,0.974,3.56,0,0,0,,0,0,0,0,0,,265,0.026,2893,0.025,9.16,0.014,7.26,0.79,0.05,3652,0.014,3652,13.01,140671,433994
LCC,Southwest,2016,124900,14.89,0.84,18594,195628,,0,0,0,,0,0,0,0,0,3719,9.37,349,7.62,0.81,0.031,0.03,18246,0.97,121181,15.06,12.66,0.981,0.84,144085,0.969,3.58,,0,0,,0,0,0,0,0,,349,0.031,3719,0.03,9.37,0.019,7.62,0.81,0.07,4573,0.019,4573,12.51,148658,455454
LCC,Southwest,2017,129150,14.82,0.84,19141,204098,,0,0,0,,0,0,0,0,0,4421,10.01,442,7.96,0.8,0.036,0.034,18698,0.966,124729,14.99,12.6,0.977,0.84,148406,0.964,3.85,,0,0,,0,0,0,0,0,,442,0.036,4421,0.034,10.01,0.023,7.96,0.8,0.09,5560,0.023,5560,12.43,153966,473260
LCC,Southwest,2018,133411,14.79,0.83,19729,211253,,0,0,0,,0,0,0,0,0,4781,10.63,508,8.77,0.82,0.036,0.036,19221,0.964,128630,14.94,12.47,0.974,0.83,154125,0.964,4.5,,0,0,,0,0,0,0,0,,508,0.036,4781,0.036,10.63,0.026,8.77,0.82,0.12,5795,0.026,5795,12.34,159920,491026
LCC,Southwest,2019,131380,15.16,0.84,19911,210161,,0,0,0,,0,0,0,0,0,4402,12.39,545,10.43,0.84,0.033,0.034,19365,0.966,126978,15.25,12.73,0.973,0.84,152069,0.967,4.23,,0,0,,0,0,0,0,0,,545,0.033,4402,0.034,12.39,0.027,10.43,0.84,0.12,5228,0.027,5228,12.66,157297,488132
LCC,Southwest,2020,54266,13.29,0.52,7210,139227,,0,0,0,,0,0,0,0,0,1246,12.29,153,8.11,0.66,0.018,0.023,7057,0.977,53020,13.31,6.94,0.979,0.52,101660,0.982,1.81,,0,0,,0,0,0,0,0,,153,0.018,1246,0.023,12.29,0.021,8.11,0.66,0.04,1887,0.021,1887,6.96,103547,203437
LCC,Southwest,1995,23776,11.61,0.65,2761,91881,,0,0,0,,0,0,0,0,0,0,0,0,0,,0,0,2761,1,23776,11.61,7.49,1,0.65,36841,1,0.37,0,0,0,,0,0,0,0,0,0,,0,0,0,0,0,0,,,0,0,0,7.49,36841,50151
LCC,AirTran,1996,934,0,0.64,0,1702,,0,0,0,,0,0,,0,0,0,0,0,0,,0,0,0,1,934,0,0,,0.64,1467,1,0,0,0,0,,0,0,0,0,,0,,0,0,0,0,,0,,,0,,0,0,1467,1075
LCC,AirTran,1997,931,10.9,0.66,102,1929,,0,0,0,,0,0,0,0,0,0,0,0,0,,0,0,102,1,931,10.9,7.18,1,0.66,1413,1,0.02,0,0,0,,0,0,0,0,0,0,,0,0,0,0,0,0,,,0,0,0,7.18,1413,1085
LCC,AirTran,1998,2652,12.98,0.58,344,8349,,0,0,0,,0,0,0,0,0,0,0,0,0,,0,0,344,1,2652,12.98,7.48,1,0.58,4604,1,0.06,0,0,0,,0,0,0,0,0,0,,0,0,0,0,0,0,,,0,0,0,7.48,4604,4590
LCC,AirTran,1999,3588,13.56,0.62,486,11098,,0,0,0,,0,0,0,0,0,0,0,0,0,,0,0,486,1,3588,13.56,8.37,1,0.62,5813,1,0.07,0,0,0,,0,0,0,0,0,0,,0,0,0,0,0,0,,,0,0,0,8.37,5813,6458
LCC,AirTran,2000,4155,14.56,0.7,605,11083,,0,0,0,,0,0,0,0,0,0,0,0,0,,0,0,605,1,4155,14.56,10.22,1,0.7,5917,1,0.14,0,0,0,,0,0,0,0,0,0,,0,0,0,0,0,0,,,0,0,0,10.22,5917,7547
LCC,AirTran,2001,4574,14.18,0.69,648,12231,,0,0,0,,0,0,0,0,0,0,0,0,0,,0,0,648,1,4574,14.18,9.83,1,0.69,6594,1,0.14,0,0,0,,0,0,0,0,0,0,,0,0,0,0,0,0,,,0,0,0,9.83,6594,8303
LCC,AirTran,2002,5666,12.59,0.67,714,15107,,0,0,0,,0,0,0,0,0,0,0,0,0,,0,0,714,1,5666,12.59,8.49,1,0.67,8408,1,0.15,0,0,0,,0,0,0,0,0,0,,0,0,0,0,0,0,,,0,0,0,8.49,8408,9660
LCC,AirTran,2003,7165,12.39,0.71,888,16937,,0,0,0,,0,0,0,0,0,0,0,0,0,,0,0,888,1,7165,12.39,8.78,1,0.71,10105,1,0.18,0,0,0,,0,0,0,0,0,0,,0,0,0,0,0,0,,,0,0,0,8.78,10105,11658
LCC,AirTran,2004,8485,11.82,0.71,1003,19141,,0,0,0,,0,0,0,0,0,0,0,0,0,,0,0,1003,1,8485,11.82,8.35,1,0.71,12005,1,0.24,0,0,0,,0,0,0,0,0,0,,0,0,0,0,0,0,,,0,0,0,8.35,12005,13178
LCC,AirTran,2005,11304,12.31,0.73,1391,23504,,0,0,0,,0,0,0,0,0,45,6.75,3,3.92,0.58,0.005,0.004,1388,0.996,11259,12.33,9.06,0.998,0.73,15324,0.995,0.46,0,0,0,,0,0,0,0,0,0,3,0.005,45,0.004,6.75,0.002,3.92,0.58,0,77,0.002,77,9.03,15401,16619
LCC,AirTran,2006,13814,13.09,0.73,1809,29144,,0,0,0,,0,0,0,0,0,48,6.97,3,4.3,0.62,0.004,0.003,1805,0.997,13766,13.11,9.53,0.998,0.73,18933,0.996,0.66,0,0,0,,0,0,0,0,0,0,3,0.004,48,0.003,6.97,0.002,4.3,0.62,0,78,0.002,78,9.51,19011,20047
LCC,AirTran,2007,17252,12.71,0.76,2193,32693,,0,0,0,,0,0,0,0,0,11,15.49,2,10.01,0.65,0.001,0.001,2191,0.999,17241,12.71,9.66,0.999,0.76,22689,0.999,0.8,0,0,0,,0,0,0,0,0,0,2,0.001,11,0.001,15.49,0.001,10.01,0.65,0,17,0.001,17,9.66,22706,23761
LCC,AirTran,2008,18789,12.75,0.79,2396,32709,,0,0,0,,0,0,0,0,0,4,13.64,1,9.41,0.69,0,0,2395,1,18784,12.75,10.06,1,0.79,23814,1,1.18,0,0,0,,0,0,0,0,0,0,1,0,4,0,13.64,0,9.41,0.69,0,6,0,6,10.06,23821,24619
LCC,AirTran,2009,18512,11.23,0.79,2079,31587,,0,0,0,,0,0,0,0,0,164,2.75,5,2.08,0.76,0.009,0.009,2074,0.991,18348,11.3,8.98,0.998,0.79,23088,0.991,0.66,0,0,0,,0,0,0,0,0,0,5,0.009,164,0.009,2.75,0.002,2.08,0.76,0,216,0.002,216,8.92,23305,23998
LCC,AirTran,2010,19564,11.99,0.81,2345,31729,,0,0,0,,0,0,0,0,0,826,3.22,27,2.53,0.79,0.044,0.042,2319,0.958,18738,12.37,10.08,0.989,0.81,23008,0.956,0.84,0,0,0,,0,0,0,0,0,0,27,0.044,826,0.042,3.22,0.011,2.53,0.79,0.01,1052,0.011,1052,9.75,24060,74153
LCC,AirTran,2011,20050,13,0.81,2606,31929,,0,0,0,,0,0,0,0,0,1059,6.26,66,5.16,0.82,0.052,0.053,2539,0.947,18991,13.37,10.83,0.975,0.81,23443,0.948,1.17,0,0,0,,0,0,0,0,0,0,66,0.052,1059,0.053,6.26,0.025,5.16,0.82,0.03,1285,0.025,1285,10.54,24727,74110
LCC,AirTran,2012,17326,3.42,0.8,593,0,,0,0,0,,0,0,0,0,0,1578,2.04,32,1.61,0.79,0.091,0.091,561,0.909,15748,3.56,2.83,0.946,0.8,19793,0.909,0.26,0,0,0,,0,0,0,0,0,0,32,0.091,1578,0.091,2.04,0.054,1.61,0.79,0.02,1993,0.054,1993,2.72,21786,65285
LCC,AirTran,2013,14195,0,0.8,0,0,,0,0,0,,0,0,,0,0,2126,0,0,0,0.78,0.153,0.15,0,0.85,12069,0,0,,0.8,15092,0.847,0,0,0,0,,0,0,0,0,,0,,0.153,2126,0.15,0,,0,0.78,,2727,,2727,0,17819,53511
LCC,AirTran,2014,6868,0,0.81,0,0,,0,0,0,,0,0,,0,0,1630,0,0,0,0.83,0.231,0.237,0,0.763,5238,0,0,,0.8,6545,0.769,0,0,0,0,,0,0,0,0,,0,,0.231,1630,0.237,0,,0,0.83,,1961,,1961,0,8506,25716
LCC,AirTran,2015,0,0,,0,0,,0,,0,,0,,,0,0,0,0,0,0,,,,0,,0,0,0,,,0,,0,0,0,0,,0,,,0,,,,,0,,0,,0,,,0,,0,0,0,0
LCC,AirTran,2016,0,0,,0,0,,0,,0,,0,,,0,0,0,0,0,0,,,,0,,0,0,0,,,0,,0,,0,0,,0,,,0,,,,,0,,0,,0,,,0,,0,0,0,0
LCC,AirTran,2017,0,0,,0,0,,0,,0,,0,,,0,0,0,0,0,0,,,,0,,0,0,0,,,0,,0,,0,0,,0,,,0,,,,,0,,0,,0,,,0,,0,0,0,0
LCC,AirTran,2018,0,0,,0,0,,0,,0,,0,,,0,0,0,0,0,0,,,,0,,0,0,0,,,0,,0,,0,0,,0,,,0,,,,,0,,0,,0,,,0,,0,0,0,0
LCC,AirTran,2019,0,0,,0,0,,0,,0,,0,,,0,0,0,0,0,0,,,,0,,0,0,0,,,0,,0,,0,0,,0,,,0,,,,,0,,0,,0,,,0,,0,0,0,0
LCC,AirTran,2020,0,0,,0,0,,0,,0,,0,,,0,0,0,0,0,0,,,,0,,0,0,0,,,0,,0,,0,0,,0,,,0,,,,,0,,0,,0,,,0,,0,0,0,0
LCC,AirTran,1995,59,0,0.52,0,126,,0,0,0,,0,0,,0,0,0,0,0,0,,0,0,0,1,59,0,0,,0.52,115,1,0,0,0,0,,0,0,0,0,,0,,0,0,0,0,,0,,,0,,0,0,115,498
LCC,jetBlue,1996,0,0,,0,0,,0,,0,,0,,,0,0,0,0,0,0,,,,0,,0,0,0,,,0,,0,0,0,0,,0,,,0,,0,,,0,,0,,0,,,0,,0,0,0,0
LCC,jetBlue,1997,0,0,,0,0,,0,,0,,0,,,0,0,0,0,0,0,,,,0,,0,0,0,,,0,,0,0,0,0,,0,,,0,,0,,,0,,0,,0,,,0,,0,0,0,0
LCC,jetBlue,1998,0,0,,0,0,,0,,0,,0,,,0,0,0,0,0,0,,,,0,,0,0,0,,,0,,0,0,0,0,,0,,,0,,0,,,0,,0,,0,,,0,,0,0,0,0
LCC,jetBlue,1999,0,0,,0,0,,0,,0,,0,,,0,0,0,0,0,0,,,,0,,0,0,0,,,0,,0,0,0,0,,0,,,0,,0,,,0,,0,,0,,,0,,0,0,0,0
LCC,jetBlue,2000,1003,10.2,0.73,102,1660,,0,0,0,,0,0,0,0,0,0,0,0,0,,0,0,102,1,1003,10.2,7.41,1,0.73,1380,1,0.02,0,0,0,,0,0,0,0,0,0,,0,0,0,0,0,0,,,0,0,0,7.41,1380,1128
LCC,jetBlue,2001,3280,9.47,0.77,310,4321,,0,0,0,,0,0,0,0,0,0,0,0,0,,0,0,310,1,3280,9.47,7.29,1,0.77,4260,1,0.04,0,0,0,,0,0,0,0,0,0,,0,0,0,0,0,0,,,0,0,0,7.29,4260,3056
LCC,jetBlue,2002,6821,9.02,0.83,615,7152,,0,0,0,,0,0,0,0,0,0,0,0,0,,0,0,615,1,6821,9.02,7.47,1,0.83,8229,1,0.08,0,0,0,,0,0,0,0,0,0,,0,0,0,0,0,0,,,0,0,0,7.47,8229,5673
LCC,jetBlue,2003,11520,8.38,0.84,965,10745,,0,0,0,,0,0,0,0,0,0,0,0,0,,0,0,965,1,11520,8.38,7.05,1,0.84,13689,1,0.15,0,0,0,,0,0,0,0,0,0,,0,0,0,0,0,0,,,0,0,0,7.05,13689,8950
LCC,jetBlue,2004,15722,7.76,0.83,1221,14174,,0,0,0,,0,0,0,0,0,169,0,0,0,0.66,0.014,0.011,1221,0.989,15553,7.85,6.52,1,0.83,18737,0.986,0.26,0,0,0,,0,0,0,0,0,0,,0.014,169,0.011,0,0,0,0.66,,257,0,257,6.43,18993,11732
LCC,jetBlue,2005,20188,8.04,0.85,1623,17488,,0,0,0,,0,0,0,0,0,124,4.29,5,3.59,0.84,0.006,0.006,1617,0.994,20065,8.06,6.83,0.997,0.85,23668,0.994,0.49,0,0,0,,0,0,0,0,0,0,5,0.006,124,0.006,4.29,0.003,3.59,0.84,0,148,0.003,148,6.81,23816,14681
LCC,jetBlue,2006,23312,9.53,0.82,2223,24110,,0,0,0,,0,0,0,0,0,0,0,0,0,,0,0,2223,1,23312,9.53,7.78,1,0.82,28583,1,0.79,0,0,0,,0,0,0,0,0,0,,0,0,0,0,0,0,,,0,0,0,7.78,28583,18507
LCC,jetBlue,2007,25723,10.23,0.8,2632,28409,,0,0,0,,0,0,0,0,0,0,0,0,0,,0,0,2632,1,25723,10.23,8.19,1,0.8,32149,1,0.97,0,0,0,,0,0,0,0,0,0,,0,0,0,0,0,0,,,0,0,0,8.19,32149,21305
LCC,jetBlue,2008,26092,11.71,0.8,3056,29032,,0,0,0,,0,0,0,0,0,1201,3.19,38,2.56,0.8,0.046,0.046,3017,0.954,24891,12.12,9.74,0.987,0.8,30971,0.954,1.38,0,0,0,,0,0,0,0,0,0,38,0.046,1201,0.046,3.19,0.013,2.56,0.8,0.01,1496,0.013,1496,9.41,32467,21863
LCC,jetBlue,2009,25962,11.28,0.8,2928,30282,,0,0,0,,0,0,0,0,0,2854,8.51,243,6.4,0.75,0.116,0.11,2685,0.89,23108,11.62,9.33,0.917,0.8,28773,0.884,0.87,0,0,0,,0,0,0,0,0,0,243,0.116,2854,0.11,8.51,0.083,6.4,0.75,0.07,3793,0.083,3793,8.99,32566,22392
LCC,jetBlue,2010,28293,12.05,0.81,3410,31665,,0,0,0,,0,0,0,0,0,4068,13.29,541,10.45,0.79,0.149,0.144,2870,0.856,24225,11.85,9.7,0.841,0.82,29586,0.851,0.96,0,0,0,,0,0,0,0,0,0,541,0.149,4068,0.144,13.29,0.159,10.45,0.79,0.16,5175,0.159,5175,9.81,34761,72648
LCC,jetBlue,2011,30710,13.29,0.82,4080,34227,,0,0,0,,0,0,0,0,0,4502,15.45,696,12.22,0.79,0.153,0.147,3385,0.853,26207,12.92,10.73,0.83,0.83,31556,0.847,1.42,0,0,0,,0,0,0,0,0,0,696,0.153,4502,0.147,15.45,0.17,12.22,0.79,0.24,5692,0.17,5692,10.95,37248,79119
LCC,jetBlue,2012,33577,13.55,0.84,4549,37023,,0,0,0,,0,0,0,0,0,5251,14.7,772,11.91,0.81,0.162,0.156,3777,0.844,28326,13.34,11.24,0.83,0.84,33610,0.838,1.52,0,0,0,,0,0,0,0,0,0,772,0.162,5251,0.156,14.7,0.17,11.91,0.81,0.28,6485,0.17,6485,11.35,40095,86900
LCC,jetBlue,2013,35855,13.87,0.84,4971,39435,,0,0,0,,0,0,0,0,0,5958,15.53,925,12.65,0.81,0.171,0.166,4046,0.834,29898,13.53,11.39,0.814,0.84,35536,0.829,1.57,0,0,0,,0,0,0,0,0,0,925,0.171,5958,0.166,15.53,0.186,12.65,0.81,0.33,7315,0.186,7315,11.6,42852,91378
LCC,jetBlue,2014,37838,14.12,0.84,5343,41482,,0,0,0,,0,0,0,0,0,7354,14.43,1061,11.52,0.8,0.205,0.194,4282,0.806,30483,14.05,11.96,0.801,0.85,35814,0.795,1.57,0,0,0,,0,0,0,0,0,0,1061,0.205,7354,0.194,14.43,0.199,11.52,0.8,0.34,9214,0.199,9214,11.87,45028,96305
LCC,jetBlue,2015,41751,14.11,0.85,5893,45207,,0,0,0,,0,0,0,0,0,8607,13.76,1184,11.39,0.83,0.211,0.206,4709,0.794,33144,14.21,12.09,0.799,0.85,38949,0.789,1.1,0,0,0,,0,0,0,0,0,,1184,0.211,8607,0.206,13.76,0.201,11.39,0.83,0.25,10398,0.201,10398,11.94,49347,105392
LCC,jetBlue,2016,45675,13.16,0.85,6013,49045,,0,0,0,,0,0,0,0,0,9347,12.58,1176,10.51,0.84,0.208,0.205,4837,0.795,36329,13.32,11.38,0.804,0.85,42525,0.792,0.87,,0,0,,0,0,0,0,0,,1176,0.208,9347,0.205,12.58,0.196,10.51,0.84,0.2,11180,0.196,11180,11.2,53705,114927
LCC,jetBlue,2017,47249,13.31,0.84,6289,52380,,0,0,0,,0,0,0,0,0,9833,13.28,1306,11,0.83,0.212,0.208,4983,0.792,37416,13.32,11.28,0.792,0.85,44169,0.788,1.11,,0,0,,0,0,0,0,0,,1306,0.212,9833,0.208,13.28,0.208,11,0.83,0.26,11870,0.208,11870,11.22,56039,120050
LCC,jetBlue,2018,50822,13.49,0.84,6857,55265,,0,0,0,,0,0,0,0,0,11046,13.68,1512,11.33,0.83,0.221,0.217,5346,0.783,39776,13.44,11.36,0.78,0.84,47073,0.779,1.51,,0,0,,0,0,0,0,0,,1512,0.221,11046,0.217,13.68,0.22,11.33,0.83,0.39,13338,0.22,13338,11.35,60412,126709
LCC,jetBlue,2019,53620,13.4,0.84,7183,56135,,0,0,0,,0,0,0,0,0,12257,12.58,1542,10.18,0.81,0.237,0.229,5641,0.771,41363,13.64,11.59,0.785,0.85,48675,0.763,1.44,,0,0,,0,0,0,0,0,,1542,0.237,12257,0.229,12.58,0.215,10.18,0.81,0.41,15157,0.215,15157,11.25,63832,128511
LCC,jetBlue,2020,18610,13.26,0.57,2468,26819,,0,0,0,,0,0,0,0,0,4365,14.88,650,9.03,0.61,0.22,0.235,1819,0.765,14245,12.77,7.13,0.737,0.56,25518,0.78,0.51,,0,0,,0,0,0,0,0,,650,0.22,4365,0.235,14.88,0.263,9.03,0.61,0.13,7192,0.263,7192,7.55,32710,42923
LCC,jetBlue,1995,0,0,,0,0,,0,,0,,0,,,0,0,0,0,0,0,,,,0,,0,0,0,,,0,,0,0,0,0,,0,,,0,,0,,,0,,0,,0,,,0,,0,0,0,0
LCC,Alaska,1996,9831,11.25,0.66,1106,20410,,0,0,0,,0,0,0,0,0,749,10.01,75,6.71,0.67,0.075,0.076,1031,0.924,9082,11.35,7.48,0.932,0.66,13787,0.925,0.18,0,0,0,,0,0,0,0,0,0,75,0.075,749,0.076,10.01,0.068,6.71,0.67,0.01,1117,0.068,1117,7.42,14904,11805
LCC,Alaska,1997,10386,12.1,0.67,1256,21187,,0,0,0,,0,0,0,0,0,817,10.11,83,7.13,0.71,0.075,0.079,1174,0.921,9569,12.27,8.22,0.934,0.67,14277,0.925,0.18,0,0,0,,0,0,0,0,0,0,83,0.075,817,0.079,10.11,0.066,7.13,0.71,0.01,1159,0.066,1159,8.14,15436,12283
LCC,Alaska,1998,11283,12.16,0.67,1371,22348,,0,0,0,,0,0,0,0,0,939,10.33,97,7.25,0.7,0.08,0.083,1275,0.917,10344,12.32,8.24,0.929,0.67,15469,0.92,0.15,0,0,0,,0,0,0,0,0,0,97,0.08,939,0.083,10.33,0.071,7.25,0.7,0.01,1338,0.071,1338,8.16,16807,13056
LCC,Alaska,1999,11786,12.56,0.68,1480,22659,,0,0,0,,0,0,0,0,0,1069,10.88,116,8.01,0.74,0.084,0.091,1364,0.909,10717,12.72,8.58,0.921,0.67,15899,0.916,0.18,0,0,0,,0,0,0,0,0,0,116,0.084,1069,0.091,10.88,0.079,8.01,0.74,0.01,1451,0.079,1451,8.53,17351,13620
LCC,Alaska,2000,11987,13.16,0.69,1577,21943,,0,0,0,,0,0,0,0,0,1176,10.38,122,7.57,0.73,0.093,0.098,1455,0.902,10811,13.46,9.27,0.923,0.69,15701,0.907,0.28,0,0,0,,0,0,0,0,0,0,122,0.093,1176,0.098,10.38,0.077,7.57,0.73,0.03,1614,0.077,1614,9.11,17315,13525
LCC,Alaska,2001,12249,12.77,0.68,1565,22469,,0,0,0,,0,0,0,0,0,1229,9.94,122,7.46,0.75,0.091,0.1,1443,0.9,11020,13.09,8.86,0.922,0.68,16281,0.909,0.24,0,0,0,,0,0,0,0,0,0,122,0.091,1229,0.1,9.94,0.078,7.46,0.75,0.02,1637,0.078,1637,8.73,17918,13667
LCC,Alaska,2002,13184,12.32,0.68,1624,23351,,0,0,0,,0,0,0,0,0,1385,9.75,135,7.1,0.73,0.098,0.105,1489,0.895,11799,12.62,8.53,0.917,0.68,17454,0.902,0.23,0,0,0,,0,0,0,0,0,0,135,0.098,1385,0.105,9.75,0.083,7.1,0.73,0.02,1903,0.083,1903,8.39,19357,14153
LCC,Alaska,2003,14572,12.31,0.7,1794,24159,,0,0,0,,0,0,0,0,0,1500,9.9,149,7.28,0.74,0.098,0.103,1645,0.897,13072,12.59,8.72,0.917,0.69,18879,0.902,0.27,0,0,0,,0,0,0,0,0,0,149,0.098,1500,0.103,9.9,0.083,7.28,0.74,0.03,2041,0.083,2041,8.58,20920,15070
LCC,Alaska,2004,16234,12.08,0.73,1961,25137,,0,0,0,,0,0,0,0,0,1577,10.59,167,7.89,0.75,0.095,0.097,1794,0.903,14656,12.24,8.9,0.915,0.73,20158,0.905,0.42,0,0,0,,0,0,0,0,0,0,167,0.095,1577,0.097,10.59,0.085,7.89,0.75,0.04,2116,0.085,2116,8.8,22275,16295
LCC,Alaska,2005,16918,12.52,0.76,2118,24827,,0,0,0,,0,0,0,0,0,1622,10.5,170,8.12,0.77,0.094,0.096,1947,0.904,15296,12.73,9.64,0.92,0.76,20198,0.906,0.56,0,0,0,,0,0,0,0,0,0,170,0.094,1622,0.096,10.5,0.08,8.12,0.77,0.05,2096,0.08,2096,9.5,22295,16759
LCC,Alaska,2006,17825,13.33,0.77,2375,25331,,0,0,0,,0,0,0,0,0,1909,11.65,222,9.24,0.79,0.103,0.107,2153,0.893,15917,13.53,10.31,0.906,0.76,20873,0.897,0.7,0,0,0,,0,0,0,0,0,0,222,0.103,1909,0.107,11.65,0.094,9.24,0.79,0.06,2407,0.094,2407,10.2,23279,17165
LCC,Alaska,2007,18455,13.41,0.76,2474,26144,,0,0,0,,0,0,0,0,0,2092,10.16,213,7.9,0.78,0.111,0.113,2262,0.887,16362,13.82,10.51,0.914,0.76,21519,0.889,0.74,0,0,0,,0,0,0,0,0,0,213,0.111,2092,0.113,10.16,0.086,7.9,0.78,0.07,2694,0.086,2694,10.22,24212,17559
LCC,Alaska,2008,18714,13.62,0.77,2549,24731,,0,0,0,,0,0,0,0,0,1972,10.09,199,8.27,0.82,0.099,0.105,2349,0.895,16742,14.03,10.77,0.922,0.77,21815,0.901,1,0,0,0,,0,0,0,0,0,0,199,0.099,1972,0.105,10.09,0.078,8.27,0.82,0.09,2407,0.078,2407,10.52,24222,16809
LCC,Alaska,2009,18365,12.58,0.79,2310,22375,,0,0,0,,0,0,0,0,0,1592,9.09,145,7.44,0.82,0.084,0.087,2166,0.913,16773,12.91,10.21,0.937,0.79,21204,0.916,0.53,0,0,0,,0,0,0,0,0,0,145,0.084,1592,0.087,9.09,0.063,7.44,0.82,0.04,1944,0.063,1944,9.98,23148,15561
LCC,Alaska,2010,20353,12.77,0.83,2599,22526,,0,0,0,,0,0,0,0,0,1620,9.5,154,8.29,0.87,0.076,0.08,2445,0.92,18733,13.05,10.83,0.941,0.83,22581,0.924,0.71,0,0,0,,0,0,0,0,0,0,154,0.076,1620,0.08,9.5,0.059,8.29,0.87,0.05,1856,0.059,1856,10.64,24437,49543
LCC,Alaska,2011,22590,13.34,0.85,3013,23802,,0,0,0,,0,0,0,0,0,1937,11.92,231,10.36,0.87,0.084,0.086,2782,0.914,20652,13.47,11.45,0.923,0.85,24291,0.916,1.03,0,0,0,,0,0,0,0,0,0,231,0.084,1937,0.086,11.92,0.077,10.36,0.87,0.09,2230,0.077,2230,11.36,26521,53430
LCC,Alaska,2012,24421,13.47,0.87,3290,24269,,0,0,0,,0,0,0,0,0,1921,12.28,236,10.81,0.88,0.077,0.079,3054,0.921,22500,13.57,11.74,0.928,0.87,26003,0.923,1.13,0,0,0,,0,0,0,0,0,0,236,0.077,1921,0.079,12.28,0.072,10.81,0.88,0.09,2182,0.072,2182,11.67,28185,55577
LCC,Alaska,2013,26176,13.36,0.86,3498,25830,,0,0,0,,0,0,0,0,0,2029,11.52,234,10.26,0.89,0.075,0.078,3264,0.922,24147,13.52,11.6,0.933,0.86,28139,0.925,1.16,0,0,0,,0,0,0,0,0,0,234,0.075,2029,0.078,11.52,0.067,10.26,0.89,0.08,2278,0.067,2278,11.5,30417,59212
LCC,Alaska,2014,27782,13.62,0.86,3784,27429,,0,0,0,,0,0,0,0,0,1964,11.95,235,10.41,0.87,0.07,0.071,3549,0.929,25818,13.75,11.76,0.938,0.86,30180,0.93,1.14,0,0,0,,0,0,0,0,0,0,235,0.07,1964,0.071,11.95,0.062,10.41,0.87,0.08,2254,0.062,2254,11.67,32434,62917
LCC,Alaska,2015,30345,13.02,0.84,3952,30045,,0,0,0,,0,0,0,0,0,1927,11.45,221,9.29,0.81,0.066,0.064,3731,0.936,28418,13.13,11.12,0.944,0.85,33543,0.934,0.76,0,0,0,,0,0,0,0,0,,221,0.066,1927,0.064,11.45,0.056,9.29,0.81,0.05,2374,0.056,2374,11,35917,68606
LCC,Alaska,2016,32864,12.25,0.85,4025,31731,,0,0,0,,0,0,0,0,0,2276,11.95,272,9.76,0.82,0.072,0.069,3753,0.931,30588,12.27,10.44,0.932,0.85,35933,0.928,0.64,,0,0,,0,0,0,0,0,,272,0.072,2276,0.069,11.95,0.068,9.76,0.82,0.05,2787,0.068,2787,10.39,38721,73264
LCC,Alaska,2017,35304,12.4,0.85,4377,33549,,0,0,0,,0,0,0,0,0,2649,11.92,316,9.69,0.81,0.079,0.075,4062,0.925,32655,12.44,10.63,0.928,0.85,38210,0.921,0.83,,0,0,,0,0,0,0,0,,316,0.079,2649,0.075,11.92,0.072,9.69,0.81,0.07,3259,0.072,3259,10.56,41468,78332
LCC,Alaska,2018,46763,12.91,0.84,6039,45582,,0,0,0,,0,0,0,0,0,2712,11.64,316,9.87,0.85,0.058,0.058,5723,0.942,44051,12.99,10.97,0.948,0.84,52170,0.942,1.59,,0,0,,0,0,0,0,0,,316,0.058,2712,0.058,11.64,0.052,9.87,0.85,0.09,3197,0.052,3197,10.91,55367,100634
LCC,Alaska,2019,50416,12.5,0.84,6303,45955,,0,0,0,,0,0,0,0,0,2522,11.65,294,10.1,0.87,0.049,0.05,6009,0.95,47894,12.55,10.58,0.953,0.84,56805,0.951,1.5,,0,0,,0,0,0,0,0,,294,0.049,2522,0.05,11.65,0.047,10.1,0.87,0.07,2910,0.047,2910,10.55,59715,106590
LCC,Alaska,2020,17439,12.34,0.56,2152,24678,,0,0,0,,0,0,0,0,0,1329,10.52,140,6.64,0.63,0.067,0.076,2013,0.924,16110,12.49,6.87,0.935,0.55,29282,0.933,0.52,,0,0,,0,0,0,0,0,,140,0.067,1329,0.076,10.52,0.065,6.64,0.63,0.04,2106,0.065,2106,6.86,31389,36841
LCC,Alaska,1995,8584,11.16,0.62,958,19048,,0,0,0,,0,0,0,0,0,612,11.22,69,7.42,0.66,0.067,0.071,890,0.929,7972,11.16,6.87,0.928,0.62,12960,0.933,0.14,0,0,0,,0,0,0,0,0,0,69,0.067,612,0.071,11.22,0.072,7.42,0.66,0.01,926,0.072,926,6.9,13885,10139
LCC,Virgin America,1996,0,0,,0,0,,0,,0,,0,,,0,0,0,0,0,0,,,,0,,0,0,0,,,0,,0,0,0,0,,0,,,0,,0,,,0,,0,,0,,,0,,0,0,0,0
LCC,Virgin America,1997,0,0,,0,0,,0,,0,,0,,,0,0,0,0,0,0,,,,0,,0,0,0,,,0,,0,0,0,0,,0,,,0,,0,,,0,,0,,0,,,0,,0,0,0,0
LCC,Virgin America,1998,0,0,,0,0,,0,,0,,0,,,0,0,0,0,0,0,,,,0,,0,0,0,,,0,,0,0,0,0,,0,,,0,,0,,,0,,0,,0,,,0,,0,0,0,0
LCC,Virgin America,1999,0,0,,0,0,,0,,0,,0,,,0,0,0,0,0,0,,,,0,,0,0,0,,,0,,0,0,0,0,,0,,,0,,0,,,0,,0,,0,,,0,,0,0,0,0
LCC,Virgin America,2000,0,0,,0,0,,0,,0,,0,,,0,0,0,0,0,0,,,,0,,0,0,0,,,0,,0,0,0,0,,0,,,0,,0,,,0,,0,,0,,,0,,0,0,0,0
LCC,Virgin America,2001,0,0,,0,0,,0,,0,,0,,,0,0,0,0,0,0,,,,0,,0,0,0,,,0,,0,0,0,0,,0,,,0,,0,,,0,,0,,0,,,0,,0,0,0,0
LCC,Virgin America,2002,0,0,,0,0,,0,,0,,0,,,0,0,0,0,0,0,,,,0,,0,0,0,,,0,,0,0,0,0,,0,,,0,,0,,,0,,0,,0,,,0,,0,0,0,0
LCC,Virgin America,2003,0,0,,0,0,,0,,0,,0,,,0,0,0,0,0,0,,,,0,,0,0,0,,,0,,0,0,0,0,,0,,,0,,0,,,0,,0,,0,,,0,,0,0,0,0
LCC,Virgin America,2004,0,0,,0,0,,0,,0,,0,,,0,0,0,0,0,0,,,,0,,0,0,0,,,0,,0,0,0,0,,0,,,0,,0,,,0,,0,,0,,,0,,0,0,0,0
LCC,Virgin America,2005,0,0,,0,0,,0,,0,,0,,,0,0,0,0,0,0,,,,0,,0,0,0,,,0,,0,0,0,0,,0,,,0,,0,,,0,,0,,0,,,0,,0,0,0,0
LCC,Virgin America,2006,0,0,,0,0,,0,,0,,0,,,0,0,0,0,0,0,,,,0,,0,0,0,,,0,,0,0,0,0,,0,,,0,,0,,,0,,0,,0,,,0,,0,0,0,0
LCC,Virgin America,2007,581,7.3,0.62,42,650,,0,0,0,,0,0,0,0,0,0,0,0,0,,0,0,42,1,581,7.3,4.51,1,0.62,941,1,0.01,0,0,0,,0,0,0,0,0,0,,0,0,0,0,0,0,,,0,0,0,4.51,941,384
LCC,Virgin America,2008,3434,10.16,0.76,349,3521,,0,0,0,,0,0,0,0,0,0,0,0,0,,0,0,349,1,3434,10.16,7.76,1,0.76,4499,1,0.19,0,0,0,,0,0,0,0,0,0,,0,0,0,0,0,0,,,0,0,0,7.76,4499,2565
LCC,Virgin America,2009,5512,8.92,0.82,492,4804,,0,0,0,,0,0,0,0,0,0,0,0,0,,0,0,492,1,5512,8.92,7.35,1,0.82,6687,1,0.16,0,0,0,,0,0,0,0,0,0,,0,0,0,0,0,0,,,0,0,0,7.35,6687,3747
LCC,Virgin America,2010,6236,10.55,0.82,658,4950,,0,0,0,,0,0,0,0,0,2,0,0,0,0.69,0,0,658,1,6234,10.56,8.6,1,0.82,7648,1,0.24,0,0,0,,0,0,0,0,0,0,,0,2,0,0,0,0,0.69,,4,0,4,8.6,7652,11673
LCC,Virgin America,2011,8024,11.88,0.81,953,6271,,0,0,0,,0,0,0,0,0,247,11.55,29,8.37,0.72,0.035,0.031,925,0.969,7777,11.89,9.72,0.97,0.82,9512,0.965,0.4,0,0,0,,0,0,0,0,0,0,29,0.035,247,0.031,11.55,0.03,8.37,0.72,0.01,341,0.03,341,9.67,9853,15019
LCC,Virgin America,2012,9932,12.32,0.79,1223,7993,,0,0,0,,0,0,0,0,0,344,9.37,32,6.81,0.73,0.038,0.035,1191,0.965,9587,12.42,9.88,0.974,0.8,12053,0.962,0.51,0,0,0,,0,0,0,0,0,0,32,0.038,344,0.035,9.37,0.026,6.81,0.73,0.02,474,0.026,474,9.76,12528,18660
LCC,Virgin America,2013,9843,13.07,0.8,1287,8320,,0,0,0,,0,0,0,0,0,293,11.07,32,8.48,0.77,0.031,0.03,1254,0.97,9550,13.14,10.55,0.975,0.8,11890,0.969,0.49,0,0,0,,0,0,0,0,0,0,32,0.031,293,0.03,11.07,0.025,8.48,0.77,0.01,382,0.025,382,10.49,12272,18988
LCC,Virgin America,2014,10092,13,0.82,1312,8356,,0,0,0,,0,0,0,0,0,275,12.63,35,10.4,0.82,0.027,0.027,1277,0.973,9817,13.01,10.72,0.974,0.82,11916,0.973,0.47,0,0,0,,0,0,0,0,0,0,35,0.027,275,0.027,12.63,0.026,10.4,0.82,0.01,334,0.026,334,10.71,12250,19499
LCC,Virgin America,2015,10437,12.85,0.82,1341,8985,,0,0,0,,0,0,0,0,0,265,12.85,34,10.1,0.79,0.027,0.025,1307,0.975,10172,12.85,10.58,0.975,0.82,12353,0.973,0.3,0,0,0,,0,0,0,0,0,,34,0.027,265,0.025,12.85,0.025,10.1,0.79,0.01,338,0.025,338,10.56,12691,20980
LCC,Virgin America,2016,12177,11.92,0.84,1452,10066,,0,0,0,,0,0,0,0,0,303,11.75,36,9.62,0.82,0.025,0.025,1416,0.975,11874,11.93,9.97,0.975,0.84,14208,0.975,0.27,,0,0,,0,0,0,0,0,,36,0.025,303,0.025,11.75,0.025,9.62,0.82,0.01,370,0.025,370,9.96,14578,24097
LCC,Virgin America,2017,12958,11.47,0.84,1487,10372,,0,0,0,,0,0,0,0,0,313,9.45,30,7.74,0.82,0.025,0.024,1457,0.976,12645,11.52,9.65,0.98,0.84,15099,0.975,0.37,,0,0,,0,0,0,0,0,,30,0.025,313,0.024,9.45,0.02,7.74,0.82,0.01,382,0.02,382,9.6,15481,25195
LCC,Virgin America,2018,3028,0,0.79,0,0,,0,0,0,,0,0,,0,0,74,0,0,0,0.8,0.024,0.024,0,0.976,2954,0,0,,0.79,3728,0.976,0,,0,0,,0,0,0,0,,,,0.024,74,0.024,0,,0,0.8,,92,,92,0,3820,6169
LCC,Virgin America,2019,0,0,,0,0,,0,,0,,0,,,0,0,0,0,0,0,,,,0,,0,0,0,,,0,,0,,0,0,,0,,,0,,,,,0,,0,,0,,,0,,0,0,0,0
LCC,Virgin America,2020,0,0,,0,0,,0,,0,,0,,,0,0,0,0,0,0,,,,0,,0,0,0,,,0,,0,,0,0,,0,,,0,,,,,0,,0,,0,,,0,,0,0,0,0
LCC,Virgin America,1995,0,0,,0,0,,0,,0,,0,,,0,0,0,0,0,0,,,,0,,0,0,0,,,0,,0,0,0,0,,0,,,0,,0,,,0,,0,,0,,,0,,0,0,0,0
LCC,Hawaiian,1996,3840,8.5,0.75,326,14772,20,168,0.044,11.81,0.6,279,0.055,0.061,7.1,0,168,11.81,20,7.1,0.6,0.055,0.044,306,0.956,3672,8.34,6.36,0.939,0.76,4822,0.945,0.07,0,0,0,,0,0,0,0,0,0,,0,0,0,0,0,0,,,0,0.061,279,6.4,5101,5340
LCC,Hawaiian,1997,4161,7.98,0.76,332,14118,19,162,0.039,11.78,0.6,271,0.05,0.058,7.05,0,162,11.78,19,7.05,0.6,0.05,0.039,313,0.961,3999,7.83,6.06,0.942,0.77,5169,0.95,0.07,0,0,0,,0,0,0,0,0,0,,0,0,0,0,0,0,,,0,0.058,271,6.11,5440,5189
LCC,Hawaiian,1998,4218,8.4,0.76,354,14615,18,165,0.039,10.82,0.61,272,0.049,0.05,6.55,0,165,10.82,18,6.55,0.61,0.049,0.039,336,0.961,4053,8.3,6.34,0.95,0.76,5302,0.951,0.06,0,0,0,,0,0,0,0,0,0,,0,0,0,0,0,0,,,0,0.05,272,6.35,5575,5265
LCC,Hawaiian,1999,4880,8.2,0.77,400,5776,20,253,0.052,7.86,0.68,373,0.059,0.05,5.34,0,253,7.86,20,5.34,0.68,0.059,0.052,380,0.948,4627,8.22,6.39,0.95,0.78,5951,0.941,0.07,0,0,0,,0,0,0,0,0,0,,0,0,0,0,0,0,,,0,0.05,373,6.33,6324,5692
LCC,Hawaiian,2000,5807,8.19,0.78,475,16768,22,579,0.1,3.74,0.72,804,0.108,0.046,2.7,0.01,579,3.74,22,2.7,0.72,0.108,0.1,454,0.9,5228,8.68,6.84,0.954,0.79,6638,0.892,0.11,0,0,0,,0,0,0,0,0,0,,0,0,0,0,0,0,,,0,0.046,804,6.39,7442,6271
LCC,Hawaiian,2001,6326,7.72,0.8,488,15530,20,463,0.073,4.39,0.67,689,0.087,0.042,2.95,0.01,463,4.39,20,2.95,0.67,0.087,0.073,468,0.927,5863,7.98,6.47,0.958,0.81,7235,0.913,0.1,0,0,0,,0,0,0,0,0,0,,0,0,0,0,0,0,,,0,0.042,689,6.16,7923,5830
LCC,Hawaiian,2002,5214,10.39,0.8,542,13129,20,147,0.028,13.53,0.67,219,0.034,0.037,9.07,0,147,13.53,20,9.07,0.67,0.034,0.028,522,0.972,5067,10.3,8.27,0.963,0.8,6314,0.966,0.09,0,0,0,,0,0,0,0,0,0,,0,0,0,0,0,0,,,0,0.037,219,8.29,6534,5861
LCC,Hawaiian,2003,5792,10.82,0.8,627,12006,21,67,0.012,30.97,0.62,109,0.015,0.033,19.12,0,67,30.97,21,19.12,0.62,0.015,0.012,606,0.988,5725,10.58,8.53,0.967,0.81,7102,0.985,0.09,0,0,0,,0,0,0,0,0,0,,0,0,0,0,0,0,,,0,0.033,109,8.69,7211,5683
LCC,Hawaiian,2004,6215,11.26,0.86,700,11662,36,287,0.046,12.59,0.68,423,0.058,0.052,8.54,0.01,287,12.59,36,8.54,0.68,0.058,0.046,664,0.954,5929,11.2,9.76,0.948,0.87,6801,0.942,0.13,0,0,0,,0,0,0,0,0,0,,0,0,0,0,0,0,,,0,0.052,423,9.69,7224,5613
LCC,Hawaiian,2005,6772,11.08,0.87,750,11804,51,418,0.062,12.28,0.65,641,0.083,0.068,8.01,0.02,418,12.28,51,8.01,0.65,0.083,0.062,699,0.938,6354,11,9.82,0.932,0.89,7118,0.917,0.18,0,0,0,,0,0,0,0,0,0,,0,0,0,0,0,0,,,0,0.068,641,9.67,7759,5840
LCC,Hawaiian,2006,6959,11.45,0.86,797,12609,55,366,0.053,15.06,0.67,548,0.068,0.069,10.06,0.02,366,15.06,55,10.06,0.67,0.068,0.053,742,0.947,6593,11.25,9.88,0.931,0.88,7506,0.932,0.22,0,0,0,,0,0,0,0,0,0,,0,0,0,0,0,0,,,0,0.069,548,9.9,8053,6204
LCC,Hawaiian,2007,8050,11.05,0.87,889,13659,60,372,0.046,16.06,0.77,484,0.053,0.067,12.33,0.02,372,16.06,60,12.33,0.77,0.053,0.046,829,0.954,7678,10.8,9.49,0.933,0.88,8737,0.947,0.27,0,0,0,,0,0,0,0,0,0,,0,0,0,0,0,0,,,0,0.067,484,9.64,9221,7099
LCC,Hawaiian,2008,7866,14.06,0.83,1106,15507,84,566,0.072,14.88,0.63,893,0.094,0.076,9.43,0.04,566,14.88,84,9.43,0.63,0.094,0.072,1022,0.928,7300,13.99,11.84,0.924,0.85,8626,0.906,0.38,0,0,0,,0,0,0,0,0,0,,0,0,0,0,0,0,,,0,0.076,893,11.62,9520,7857
LCC,Hawaiian,2009,8142,12.78,0.84,1040,17270,82,735,0.09,11.18,0.7,1053,0.109,0.079,7.8,0.03,735,11.18,82,7.8,0.7,0.109,0.09,958,0.91,7407,12.93,11.07,0.921,0.86,8651,0.891,0.22,0,0,0,,0,0,0,0,0,0,,0,0,0,0,0,0,,,0,0.079,1053,10.72,9704,8345
LCC,Hawaiian,2010,8670,13.32,0.85,1155,16517,115,943,0.109,12.18,0.81,1171,0.115,0.099,9.81,0.03,943,12.18,115,9.81,0.81,0.115,0.109,1040,0.891,7727,13.46,11.59,0.901,0.86,8975,0.885,0.29,0,0,0,,0,0,0,0,0,0,,0,0,0,0,0,0,,,0,0.099,1171,11.38,10146,25272
LCC,Hawaiian,2011,10144,14.6,0.84,1481,17187,338,2374,0.234,14.22,0.79,3022,0.251,0.228,11.17,0.11,2374,14.22,338,11.17,0.79,0.251,0.234,1143,0.766,7771,14.71,12.69,0.772,0.86,9008,0.749,0.41,0,0,0,,0,0,0,0,0,0,,0,0,0,0,0,0,,,0,0.228,3022,12.31,12030,25997
LCC,Hawaiian,2012,12229,14.45,0.83,1767,19754,527,3638,0.297,14.49,0.76,4775,0.325,0.298,11.04,0.18,3638,14.49,527,11.04,0.76,0.325,0.297,1240,0.703,8591,14.44,12.5,0.702,0.87,9921,0.675,0.46,0,0,0,,0,0,0,0,0,0,,0,0,0,0,0,0,,,0,0.298,4775,12.03,14696,28453
LCC,Hawaiian,2013,13688,14.2,0.81,1943,20118,588,4605,0.336,12.76,0.72,6440,0.382,0.302,9.12,0.26,4605,12.76,588,9.12,0.72,0.382,0.336,1356,0.664,9082,14.92,13.02,0.698,0.87,10414,0.618,0.44,0,0,0,,0,0,0,0,0,0,,0,0,0,0,0,0,,,0,0.302,6440,11.53,16854,29798
LCC,Hawaiian,2014,13877,14.69,0.81,2038,20878,543,4328,0.312,12.54,0.74,5862,0.343,0.266,9.26,0.22,4328,12.54,543,9.26,0.74,0.343,0.312,1496,0.688,9549,15.66,13.33,0.734,0.85,11216,0.657,0.46,0,0,0,,0,0,0,0,0,0,,0,0,0,0,0,0,,,0,0.266,5862,11.94,17078,30223
LCC,Hawaiian,2015,14412,13.95,0.81,2011,21443,454,4169,0.289,10.89,0.76,5516,0.312,0.226,8.23,0.12,4169,10.89,454,8.23,0.76,0.312,0.289,1556,0.711,10243,15.2,12.77,0.774,0.84,12186,0.688,0.3,0,0,0,,0,0,0,0,0,,,0,0,0,0,0,0,,,0,0.226,5516,11.36,17701,31379
LCC,Hawaiian,2016,15474,13.77,0.84,2131,21740,470,4571,0.295,10.28,0.79,5815,0.317,0.221,8.08,0.1,4571,10.28,470,8.08,0.79,0.317,0.295,1660,0.705,10903,15.23,13.25,0.779,0.87,12536,0.683,0.24,,0,0,,0,0,0,0,0,,,0,0,0,0,0,0,,,0,0.221,5815,11.61,18351,32485
LCC,Hawaiian,2017,16301,14.41,0.86,2349,22349,601,5445,0.334,11.03,0.81,6721,0.354,0.256,8.94,0.14,5445,11.03,601,8.94,0.81,0.354,0.334,1748,0.666,10856,16.1,14.26,0.744,0.89,12257,0.646,0.29,,0,0,,0,0,0,0,0,,,0,0,0,0,0,0,,,0,0.256,6721,12.38,18978,33899
LCC,Hawaiian,2018,17190,14.15,0.85,2433,22367,652,5668,0.33,11.51,0.83,6851,0.34,0.268,9.52,0.17,5668,11.51,652,9.52,0.83,0.34,0.33,1780,0.67,11522,15.45,13.39,0.732,0.87,13296,0.66,0.43,,0,0,,0,0,0,0,0,,,0,0,0,0,0,0,,,0,0.268,6851,12.07,20147,34891
LCC,Hawaiian,2019,17810,13.64,0.87,2430,21396,662,5595,0.314,11.83,0.85,6571,0.32,0.272,10.07,0.17,5595,11.83,662,10.07,0.85,0.32,0.314,1768,0.686,12215,14.47,12.63,0.728,0.87,13993,0.68,0.37,,0,0,,0,0,0,0,0,,,0,0,0,0,0,0,,,0,0.272,6571,11.82,20564,34594
LCC,Hawaiian,2020,4571,13.24,0.61,605,8674,138,1173,0.257,11.79,0.73,1601,0.212,0.228,8.63,0.03,1173,11.79,138,8.63,0.73,0.212,0.257,467,0.743,3398,13.74,7.85,0.772,0.57,5946,0.788,0.13,,0,0,,0,0,0,0,0,,,0,0,0,0,0,0,,,0,0.228,1601,8.02,7547,9885
LCC,Hawaiian,1995,3597,8.27,0.77,298,14666,19,175,0.049,11.05,0.66,266,0.057,0.065,7.24,0,175,11.05,19,7.24,0.66,0.057,0.049,278,0.951,3423,8.13,6.31,0.935,0.78,4411,0.943,0.06,0,0,0,,0,0,0,0,0,0,,0,0,0,0,0,0,,,0,0.065,266,6.36,4677,4926
Other,Allegiant,1996,0,0,,0,0,,0,,0,,0,,,0,,0,0,0,0,,,,0,,0,0,0,,,0,,0,0,0,0,,0,,,0,,0,,,0,,0,,0,,,0,,0,0,0,0
Other,Allegiant,1997,0,0,,0,0,,0,,0,,0,,,0,,0,0,0,0,,,,0,,0,0,0,,,0,,0,0,0,0,,0,,,0,,0,,,0,,0,,0,,,0,,0,0,0,0
Other,Allegiant,1998,0,0,,0,0,,0,,0,,0,,,0,,0,0,0,0,,,,0,,0,0,0,,,0,,0,0,0,0,,0,,,0,,0,,,0,,0,,0,,,0,,0,0,0,0
Other,Allegiant,1999,0,0,,0,0,,0,,0,,0,,,0,,0,0,0,0,,,,0,,0,0,0,,,0,,0,0,0,0,,0,,,0,,0,,,0,,0,,0,,,0,,0,0,0,0
Other,Allegiant,2000,45,0,0.41,0,429,,0,0,0,,0,0,,0,,0,0,0,0,,0,0,0,1,45,0,0,,0.41,110,1,0,0,0,0,,0,0,0,0,,0,,0,0,0,0,,0,,,0,,0,0,110,130
Other,Allegiant,2001,17,0,0.39,0,162,,0,0,0,,0,0,,0,,0,0,0,0,,0,0,0,1,17,0,0,,0.39,44,1,0,0,0,0,,0,0,0,0,,0,,0,0,0,0,,0,,,0,,0,0,44,67
Other,Allegiant,2002,107,0,0.65,0,278,,0,0,0,,0,0,,0,,0,0,0,0,,0,0,0,1,107,0,0,,0.65,163,1,0,0,0,0,,0,0,0,0,,0,,0,0,0,0,,0,,,0,,0,0,163,189
Other,Allegiant,2003,447,0,0.74,0,684,,0,0,0,,0,0,,0,,0,0,0,0,,0,0,0,1,447,0,0,,0.74,601,1,0,0,0,0,,0,0,0,0,,0,,0,0,0,0,,0,,,0,,0,0,601,485
Other,Allegiant,2004,895,5.16,0.76,46,1169,,0,0,0,,0,0,0,0,,0,0,0,0,,0,0,46,1,895,5.16,3.94,1,0.76,1174,1,0.03,0,0,0,,0,0,0,0,0,0,,0,0,0,0,0,0,,,0,0,0,3.94,1174,841
Other,Allegiant,2005,1284,7.06,0.81,91,1511,,0,0,0,,0,0,0,0,,0,0,0,0,,0,0,91,1,1284,7.06,5.69,1,0.81,1594,1,0.05,0,0,0,,0,0,0,0,0,0,,0,0,0,0,0,0,,,0,0,0,5.69,1594,1204
Other,Allegiant,2006,2235,7.98,0.81,178,2747,,0,0,0,,0,0,0,0,,0,0,0,0,,0,0,178,1,2235,7.98,6.46,1,0.81,2761,1,0.1,0,0,0,,0,0,0,0,0,0,,0,0,0,0,0,0,,,0,0,0,6.46,2761,2187
Other,Allegiant,2007,3115,8.31,0.83,259,3962,,0,0,0,,0,0,0,0,,0,0,0,0,,0,0,259,1,3115,8.31,6.94,1,0.83,3731,1,0.15,0,0,0,,0,0,0,0,0,0,,0,0,0,0,0,0,,,0,0,0,6.94,3731,3272
Other,Allegiant,2008,3833,8.63,0.9,331,4858,,0,0,0,,0,0,0,0,,0,0,0,0,,0,0,331,1,3833,8.63,7.73,1,0.9,4280,1,0.23,0,0,0,,0,0,0,0,0,0,,0,0,0,0,0,0,,,0,0,0,7.73,4280,4292
Other,Allegiant,2009,4738,7.91,0.9,375,6036,,0,0,0,,0,0,0,0,,0,0,0,0,,0,0,375,1,4738,7.91,7.1,1,0.9,5281,1,0.16,0,0,0,,0,0,0,0,0,0,,0,0,0,0,0,0,,,0,0,0,7.1,5281,5320
Other,Allegiant,2010,5432,8.44,0.9,458,6609,,0,0,0,,0,0,0,0,,0,0,0,0,,0,0,458,1,5432,8.44,7.59,1,0.9,6040,1,0.24,0,0,0,,0,0,0,0,0,0,,0,0,0,0,0,0,,,0,0,0,7.59,6040,17647
Other,Allegiant,2011,5602,9.5,0.91,532,6835,,0,0,0,,0,0,0,0,,0,0,0,0,,0,0,532,1,5602,9.5,8.64,1,0.91,6159,1,0.33,0,0,0,,0,0,0,0,0,0,,0,0,0,0,0,0,,,0,0,0,8.64,6159,18444
Other,Allegiant,2012,6496,9.72,0.89,631,7989,,0,0,0,,0,0,0,0,,3,0,0,0,0.83,0.001,0,631,1,6492,9.72,8.65,1,0.89,7293,0.999,0.38,0,0,0,,0,0,0,0,0,0,,0.001,3,0,0,0,0,0.83,,4,0,4,8.65,7297,20922
Other,Allegiant,2013,7108,9.96,0.89,708,8307,,0,0,0,,0,0,0,0,,0,0,0,0,,0,0,708,1,7108,9.96,8.85,1,0.89,8000,1,0.39,0,0,0,,0,0,0,0,0,0,,0,0,0,0,0,0,,,0,0,0,8.85,8000,21725
Other,Allegiant,2014,7857,10.19,0.89,801,9308,,0,0,0,,0,0,0,0,,0,0,0,0,,0,0,801,1,7857,10.19,9.1,1,0.89,8806,1,0.39,0,0,0,,0,0,0,0,0,0,,0,0,0,0,0,0,,,0,0,0,9.1,8806,24563
Other,Allegiant,2015,8994,9.16,0.87,824,11184,,0,0,0,,0,0,0,0,,0,0,0,0,,0,0,824,1,8994,9.16,7.95,1,0.87,10365,1,0.28,0,0,0,,0,0,0,0,0,,,0,0,0,0,0,0,,,0,0,0,7.95,10365,28680
Other,Allegiant,2016,10342,8.32,0.85,860,13359,,0,0,0,,0,0,0,0,,5,0,0,0,0.9,0,0,860,1,10337,8.32,7.1,1,0.85,12120,1,0.26,,0,0,,0,0,0,0,0,,,0,5,0,0,0,0,0.9,,5,0,5,7.09,12125,33597
Other,Allegiant,2017,11174,8.38,0.84,937,14905,,0,0,0,,0,0,0,0,,9,0,0,0,0.83,0.001,0.001,937,0.999,11165,8.39,7.04,1,0.84,13299,0.999,0.34,,0,0,,0,0,0,0,0,,,0.001,9,0.001,0,0,0,0.83,,11,0,11,7.04,13310,37191
Other,Allegiant,2018,12385,8.43,0.85,1043,16489,,0,0,0,,0,0,0,0,,0,0,0,0,0,0,0,1043,1,12385,8.43,7.16,1,0.85,14580,1,0.45,,0,0,,0,0,0,0,0,,,0,0,0,0,0,0,0,,1,0,1,7.16,14581,41542
Other,Allegiant,2019,13340,9,0.84,1200,18206,,0,0,0,,0,0,0,0,,0,0,0,0,,0,0,1200,1,13340,9,7.57,1,0.84,15863,1,0.43,,0,0,,0,0,0,0,0,,,0,0,0,0,0,0,,,0,0,0,7.57,15863,45366
Other,Allegiant,2020,7754,9.11,0.6,706,14763,,0,0,0,,0,0,0,0,,0,0,0,0,,0,0,706,1,7754,9.11,5.47,1,0.6,12924,1,0.22,,0,0,,0,0,0,0,0,,,0,0,0,0,0,0,,,0,0,0,5.47,12924,26130
Other,Allegiant,1995,0,0,,0,0,,0,,0,,0,,,0,,0,0,0,0,,,,0,,0,0,0,,,0,,0,0,0,0,,0,,,0,,0,,,0,,0,,0,,,0,,0,0,0,0
Other,Frontier,1996,783,13.43,0.6,105,2143,,0,0,0,,0,0,0,0,,0,0,0,0,,0,0,105,1,783,13.43,8.04,1,0.6,1309,1,0.02,0,0,0,,0,0,0,0,0,0,,0,0,0,0,0,0,,,0,0,0,8.04,1309,1283
Other,Frontier,1997,1028,12.7,0.57,131,2621,,0,0,0,,0,0,0,0,,0,0,0,0,,0,0,131,1,1028,12.7,7.21,1,0.57,1810,1,0.02,0,0,0,,0,0,0,0,0,0,,0,0,0,0,0,0,,,0,0,0,7.21,1810,1278
Other,Frontier,1998,1287,14.17,0.59,182,2791,,0,0,0,,0,0,0,0,,0,0,0,0,,0,0,182,1,1287,14.17,8.38,1,0.59,2174,1,0.02,0,0,0,,0,0,0,0,0,0,,0,0,0,0,0,0,,,0,0,0,8.38,2174,1530
Other,Frontier,1999,2003,14.64,0.59,293,4171,,0,0,0,,0,0,0,0,,0,0,0,0,,0,0,293,1,2003,14.64,8.66,1,0.59,3387,1,0.03,0,0,0,,0,0,0,0,0,0,,0,0,0,0,0,0,,,0,0,0,8.66,3387,2176
Other,Frontier,2000,2596,16.68,0.64,433,4834,,0,0,0,,0,0,0,0,,0,0,0,0,,0,0,433,1,2596,16.68,10.72,1,0.64,4039,1,0.06,0,0,0,,0,0,0,0,0,0,,0,0,0,0,0,0,,,0,0,0,10.72,4039,2893
Other,Frontier,2001,2710,15.81,0.58,429,5424,,0,0,0,,0,0,0,0,,0,0,0,0,,0,0,429,1,2710,15.81,9.16,1,0.58,4681,1,0.05,0,0,0,,0,0,0,0,0,0,,0,0,0,0,0,0,,,0,0,0,9.16,4681,2998
Other,Frontier,2002,3061,14.5,0.59,444,6095,,0,0,0,,0,0,0,0,,0,0,0,0,,0,0,444,1,3061,14.5,8.58,1,0.59,5177,1,0.06,0,0,0,,0,0,0,0,0,0,,0,0,0,0,0,0,,,0,0,0,8.58,5177,3738
Other,Frontier,2003,4566,12.23,0.69,558,7823,,0,0,0,,0,0,0,0,,0,0,0,0,,0,0,558,1,4566,12.23,8.43,1,0.69,6619,1,0.09,0,0,0,,0,0,0,0,0,0,,0,0,0,0,0,0,,,0,0,0,8.43,6619,5071
Other,Frontier,2004,6014,11.17,0.73,672,9016,,0,0,0,,0,0,0,0,,0,0,0,0,,0,0,672,1,6014,11.17,8.17,1,0.73,8222,1,0.16,0,0,0,,0,0,0,0,0,0,,0,0,0,0,0,0,,,0,0,0,8.17,8222,6438
Other,Frontier,2005,7285,11.07,0.79,806,9788,,0,0,0,,0,0,0,0,,476,5.92,28,4.46,0.75,0.069,0.065,778,0.935,6809,11.43,9.09,0.965,0.8,8563,0.931,0.24,0,0,0,,0,0,0,0,0,0,28,0.069,476,0.065,5.92,0.035,4.46,0.75,0.01,632,0.035,632,8.77,9195,7350
Other,Frontier,2006,8360,11.39,0.8,952,11607,,0,0,0,,0,0,0,0,,643,9.71,62,7.6,0.78,0.078,0.077,890,0.923,7718,11.53,9.2,0.934,0.8,9672,0.922,0.3,0,0,0,,0,0,0,0,0,0,62,0.078,643,0.077,9.71,0.066,7.6,0.78,0.03,821,0.066,821,9.07,10493,8934
Other,Frontier,2007,9893,11.24,0.79,1112,13594,,0,0,0,,0,0,0,0,,904,10.77,97,7.74,0.72,0.1,0.091,1015,0.909,8989,11.29,8.96,0.912,0.79,11326,0.9,0.37,0,0,0,,0,0,0,0,0,0,97,0.1,904,0.091,10.77,0.088,7.74,0.72,0.04,1259,0.088,1259,8.84,12585,10400
Other,Frontier,2008,9933,12.11,0.82,1203,13318,,0,0,0,,0,0,0,0,,826,9.74,80,8.07,0.83,0.082,0.083,1122,0.917,9108,12.32,10.08,0.933,0.82,11134,0.918,0.54,0,0,0,,0,0,0,0,0,0,80,0.082,826,0.083,9.74,0.067,8.07,0.83,0.03,997,0.067,997,9.91,12131,10641
Other,Frontier,2009,8562,10.79,0.81,924,11928,,0,0,0,,0,0,0,0,,535,10.28,55,8.43,0.82,0.062,0.063,869,0.937,8026,10.82,8.77,0.94,0.81,9905,0.938,0.25,0,0,0,,0,0,0,0,0,0,55,0.062,535,0.063,10.28,0.06,8.43,0.82,0.01,653,0.06,653,8.75,10557,9408
Other,Frontier,2010,9215,11.78,0.84,1085,11424,,0,0,0,,0,0,0,0,,757,7.43,56,6.56,0.88,0.078,0.082,1029,0.918,8458,12.17,10.12,0.948,0.83,10169,0.922,0.31,0,0,0,,0,0,0,0,0,0,56,0.078,757,0.082,7.43,0.052,6.56,0.88,0.02,858,0.052,858,9.84,11027,27756
Other,Frontier,2011,10332,14.15,0.87,1462,12508,,0,0,0,,0,0,0,0,,645,9.53,61,8.03,0.84,0.064,0.062,1401,0.938,9687,14.46,12.61,0.958,0.87,11103,0.936,0.51,0,0,0,,0,0,0,0,0,0,61,0.064,645,0.062,9.53,0.042,8.03,0.84,0.01,765,0.042,765,12.32,11869,31865
Other,Frontier,2012,10586,11.04,0.89,1169,12329,,0,0,0,,0,0,0,0,,1193,4.63,55,3.89,0.84,0.119,0.113,1113,0.887,9393,11.85,10.62,0.953,0.9,10487,0.881,0.51,0,0,0,,0,0,0,0,0,0,55,0.119,1193,0.113,4.63,0.047,3.89,0.84,0.02,1422,0.047,1422,9.81,11909,32106
Other,Frontier,2013,9858,11.55,0.91,1138,11990,,0,0,0,,0,0,0,0,,1223,5.1,62,4.36,0.86,0.131,0.124,1076,0.876,8635,12.46,11.4,0.945,0.91,9439,0.869,0.39,0,0,0,,0,0,0,0,0,0,62,0.131,1223,0.124,5.1,0.055,4.36,0.86,0.07,1428,0.055,1428,10.48,10867,32018
Other,Frontier,2014,11154,11.34,0.89,1265,13875,,0,0,0,,0,0,0,0,,1288,3.82,49,3.19,0.84,0.123,0.115,1216,0.885,9866,12.32,11.05,0.961,0.9,10997,0.877,0.45,0,0,0,,0,0,0,0,0,0,49,0.123,1288,0.115,3.82,0.039,3.19,0.84,0.06,1542,0.039,1542,10.09,12539,36510
Other,Frontier,2015,13395,8.92,0.86,1194,15411,,0,0,0,,0,0,0,0,,1346,2.41,32,1.98,0.82,0.106,0.1,1162,0.9,12050,9.64,8.39,0.973,0.87,13853,0.894,0.31,0,0,0,,0,0,0,0,0,,32,0.106,1346,0.1,2.41,0.027,1.98,0.82,0.03,1643,0.027,1643,7.71,15495,39313
Other,Frontier,2016,16009,6.77,0.87,1084,17229,,0,0,0,,0,0,0,0,,1147,3.21,37,2.71,0.85,0.074,0.072,1047,0.928,14862,7.05,6.16,0.966,0.87,17003,0.926,0.3,,0,0,,0,0,0,0,0,,37,0.074,1147,0.072,3.21,0.034,2.71,0.85,0.02,1355,0.034,1355,5.91,18359,44598
Other,Frontier,2017,18909,6.05,0.86,1145,19789,,0,0,0,,0,0,0,0,,1423,5.11,73,4.18,0.82,0.08,0.075,1072,0.925,17486,6.13,5.32,0.936,0.87,20153,0.92,0.39,,0,0,,0,0,0,0,0,,73,0.08,1423,0.075,5.11,0.064,4.18,0.82,0.03,1742,0.064,1742,5.23,21895,50400
Other,Frontier,2018,20875,5.76,0.85,1203,23244,,0,0,0,,0,0,0,0,,1761,4.85,85,3.85,0.79,0.091,0.084,1118,0.916,19114,5.85,5.03,0.929,0.86,22226,0.909,0.5,,0,0,,0,0,0,0,0,,85,0.091,1761,0.084,4.85,0.071,3.85,0.79,0.05,2218,0.071,2218,4.92,24444,58299
Other,Frontier,2019,24192,5.65,0.86,1366,26755,,0,0,0,,0,0,0,0,,1937,5.68,110,4.59,0.81,0.085,0.08,1256,0.92,22255,5.64,4.88,0.919,0.87,25706,0.915,0.57,,0,0,,0,0,0,0,0,,110,0.085,1937,0.08,5.68,0.081,4.59,0.81,0.04,2398,0.081,2398,4.86,28104,68061
Other,Frontier,2020,11435,5.53,0.67,633,16978,,0,0,0,,0,0,0,0,,940,3.57,34,2.4,0.67,0.083,0.082,599,0.918,10495,5.71,3.85,0.947,0.68,15546,0.917,0.32,,0,0,,0,0,0,0,0,,34,0.083,940,0.082,3.57,0.053,2.4,0.67,0.01,1401,0.053,1401,3.73,16946,33610
Other,Frontier,1995,347,15.44,0.48,54,1603,,0,0,0,,0,0,0,0,,0,0,0,0,,0,0,54,1,347,15.44,7.48,1,0.48,717,1,0.01,0,0,0,,0,0,0,0,0,0,,0,0,0,0,0,0,,,0,0,0,7.48,717,611
Other,Spirit,1996,588,9.15,0.68,54,1151,,0,0,0,,0,0,0,0,,0,0,0,0,,0,0,54,1,588,9.15,6.26,1,0.68,858,1,0.01,0,0,0,,0,0,0,0,0,0,,0,0,0,0,0,0,,,0,0,0,6.26,858,750
Other,Spirit,1997,819,7.8,0.75,64,1531,,0,0,0,,0,0,0,0,,0,0,0,0,,0,0,64,1,819,7.8,5.87,1,0.75,1088,1,0.01,0,0,0,,0,0,0,0,0,0,,0,0,0,0,0,0,,,0,0,0,5.87,1088,1093
Other,Spirit,1998,1178,9.82,0.76,116,2084,,0,0,0,,0,0,0,0,,0,0,0,0,,0,0,116,1,1178,9.82,7.46,1,0.76,1550,1,0.02,0,0,0,,0,0,0,0,0,0,,0,0,0,0,0,0,,,0,0,0,7.46,1550,1551
Other,Spirit,1999,2250,9.44,0.74,212,3496,,0,0,0,,0,0,0,0,,0,0,0,0,,0,0,212,1,2250,9.44,6.98,1,0.74,3043,1,0.04,0,0,0,,0,0,0,0,0,0,,0,0,0,0,0,0,,,0,0,0,6.98,3043,2496
Other,Spirit,2000,2814,9.72,0.73,274,4517,,0,0,0,,0,0,0,0,,0,0,0,0,,0,0,274,1,2814,9.72,7.08,1,0.73,3865,1,0.07,0,0,0,,0,0,0,0,0,0,,0,0,0,0,0,0,,,0,0,0,7.08,3865,3221
Other,Spirit,2001,3343,9.75,0.73,326,4806,,0,0,0,,0,0,0,0,,0,0,0,0,,0,0,326,1,3343,9.75,7.14,1,0.73,4565,1,0.07,0,0,0,,0,0,0,0,0,0,,0,0,0,0,0,0,,,0,0,0,7.14,4565,3274
Other,Spirit,2002,4100,9.26,0.73,379,5352,,0,0,0,,0,0,0,0,,0,0,0,0,,0,0,379,1,4100,9.26,6.79,1,0.73,5589,1,0.08,0,0,0,,0,0,0,0,0,0,,0,0,0,0,0,0,,,0,0,0,6.79,5589,3687
Other,Spirit,2003,4582,9.55,0.79,438,5484,,0,0,0,,0,0,0,0,,0,0,0,0,,0,0,438,1,4582,9.55,7.54,1,0.79,5805,1,0.1,0,0,0,,0,0,0,0,0,0,,0,0,0,0,0,0,,,0,0,0,7.54,5805,4111
Other,Spirit,2004,4888,9.58,0.78,468,6238,,0,0,0,,0,0,0,0,,0,0,0,0,,0,0,468,1,4888,9.58,7.46,1,0.78,6282,1,0.14,0,0,0,,0,0,0,0,0,0,,0,0,0,0,0,0,,,0,0,0,7.46,6282,4593
Other,Spirit,2005,4517,10.37,0.8,468,6045,,0,0,0,,0,0,0,0,,264,6.87,18,5.13,0.75,0.063,0.058,450,0.942,4253,10.59,8.51,0.961,0.8,5295,0.937,0.15,0,0,0,,0,0,0,0,0,0,18,0.063,264,0.058,6.87,0.039,5.13,0.75,0.01,353,0.039,353,8.29,5648,4508
Other,Spirit,2006,4561,11.32,0.82,516,6279,,0,0,0,,0,0,0,0,,550,11.66,64,8.89,0.76,0.13,0.12,452,0.88,4011,11.27,9.36,0.876,0.83,4833,0.87,0.16,0,0,0,,0,0,0,0,0,0,64,0.13,550,0.12,11.66,0.124,8.89,0.76,0.02,720,0.124,720,9.3,5553,4527
Other,Spirit,2007,6856,10.01,0.81,686,8878,,0,0,0,,0,0,0,0,,1286,11.84,152,9.21,0.78,0.195,0.188,534,0.812,5571,9.58,7.8,0.778,0.81,6843,0.805,0.19,0,0,0,,0,0,0,0,0,0,152,0.195,1286,0.188,11.84,0.222,9.21,0.78,0.06,1654,0.222,1654,8.08,8497,6903
Other,Spirit,2008,6599,9.99,0.8,659,8880,,0,0,0,,0,0,0,0,,1274,11.28,144,8.37,0.74,0.209,0.193,515,0.807,5326,9.68,7.93,0.782,0.82,6501,0.791,0.23,0,0,0,,0,0,0,0,0,0,144,0.209,1274,0.193,11.28,0.218,8.37,0.74,0.07,1716,0.218,1716,8.02,8218,6820
Other,Spirit,2009,5940,9.34,0.79,555,8032,,0,0,0,,0,0,0,0,,1048,10.77,113,7.78,0.72,0.194,0.176,442,0.824,4893,9.04,7.33,0.797,0.81,6028,0.806,0.14,0,0,0,,0,0,0,0,0,0,113,0.194,1048,0.176,10.77,0.203,7.78,0.72,0.04,1450,0.203,1450,7.42,7479,6089
Other,Spirit,2010,6627,8.57,0.82,568,8585,,0,0,0,,0,0,0,0,,1154,9.83,113,7.55,0.77,0.186,0.174,455,0.826,5473,8.31,6.92,0.8,0.83,6575,0.814,0.2,0,0,0,,0,0,0,0,0,0,113,0.186,1154,0.174,9.83,0.2,7.55,0.77,0.05,1502,0.2,1502,7.03,8077,20253
Other,Spirit,2011,8007,9.14,0.86,732,10156,,0,0,0,,0,0,0,0,,1285,9.53,122,7.94,0.83,0.165,0.16,609,0.84,6722,9.06,7.8,0.833,0.86,7810,0.835,0.32,0,0,0,,0,0,0,0,0,0,122,0.165,1285,0.16,9.53,0.167,7.94,0.83,0.06,1543,0.167,1543,7.82,9353,24889
Other,Spirit,2012,9621,8.64,0.85,832,12432,,0,0,0,,0,0,0,0,,1289,8.95,115,7.15,0.8,0.143,0.134,716,0.866,8332,8.6,7.4,0.861,0.86,9685,0.857,0.41,0,0,0,,0,0,0,0,0,0,115,0.143,1289,0.134,8.95,0.139,7.15,0.8,0.07,1614,0.139,1614,7.36,11299,30529
Other,Spirit,2013,12000,8.71,0.87,1045,14449,,0,0,0,,0,0,0,0,,1364,8.65,118,7.15,0.83,0.119,0.114,927,0.886,10636,8.72,7.61,0.887,0.87,12187,0.881,0.49,0,0,0,,0,0,0,0,0,0,118,0.119,1364,0.114,8.65,0.113,7.15,0.83,0.06,1650,0.113,1650,7.55,13837,36295
Other,Spirit,2014,14159,8.63,0.86,1221,16702,,0,0,0,,0,0,0,0,,1511,8.49,128,7.01,0.83,0.112,0.107,1093,0.893,12648,8.64,7.5,0.895,0.87,14571,0.888,0.55,0,0,0,,0,0,0,0,0,0,128,0.112,1511,0.107,8.49,0.105,7.01,0.83,0.06,1830,0.105,1830,7.45,16401,41936
Other,Spirit,2015,17996,7.04,0.84,1267,21522,,0,0,0,,0,0,0,0,,1752,6.79,119,5.48,0.81,0.102,0.097,1148,0.903,16244,7.07,5.99,0.906,0.85,19181,0.898,0.42,0,0,0,,0,0,0,0,0,,119,0.102,1752,0.097,6.79,0.094,5.48,0.81,0.04,2170,0.094,2170,5.93,21351,52887
Other,Spirit,2016,21583,6.08,0.84,1312,26021,,0,0,0,,0,0,0,0,,1934,5.47,106,4.44,0.81,0.093,0.09,1206,0.91,19649,6.14,5.18,0.919,0.84,23259,0.907,0.41,,0,0,,0,0,0,0,0,,106,0.093,1934,0.09,5.47,0.081,4.44,0.81,0.04,2382,0.081,2382,5.12,25641,62993
Other,Spirit,2017,24604,6.09,0.83,1498,29402,,0,0,0,,0,0,0,0,,1875,6.2,116,5.06,0.82,0.078,0.076,1382,0.924,22728,6.08,5.06,0.922,0.83,27287,0.922,0.57,,0,0,,0,0,0,0,0,,116,0.078,1875,0.076,6.2,0.078,5.06,0.82,0.05,2298,0.078,2298,5.06,29585,71438
Other,Spirit,2018,30592,6.18,0.84,1890,34941,,0,0,0,,0,0,0,0,,2637,6.92,183,5.48,0.79,0.092,0.086,1707,0.914,27954,6.11,5.18,0.903,0.85,32939,0.908,0.85,,0,0,,0,0,0,0,0,,183,0.092,2637,0.086,6.92,0.097,5.48,0.79,0.09,3331,0.097,3331,5.21,36270,86050
Other,Spirit,2019,35245,6.03,0.84,2124,41450,,0,0,0,,0,0,0,0,,3655,6.64,243,5.15,0.78,0.113,0.104,1881,0.896,31590,5.95,5.07,0.886,0.85,37107,0.887,0.88,,0,0,,0,0,0,0,0,,243,0.113,3655,0.104,6.64,0.114,5.15,0.78,0.11,4710,0.114,4710,5.08,41817,101604
Other,Spirit,2020,19316,4.58,0.69,886,26967,,0,0,0,,0,0,0,0,,1694,4.38,74,3.02,0.69,0.088,0.088,812,0.912,17622,4.61,3.18,0.916,0.69,25481,0.912,0.39,,0,0,,0,0,0,0,0,,74,0.088,1694,0.088,4.38,0.084,3.02,0.69,0.04,2457,0.084,2457,3.17,27938,54932
Other,Spirit,1995,549,8.85,0.82,49,859,,0,0,0,,0,0,0,0,,0,0,0,0,,0,0,49,1,549,8.85,7.26,1,0.82,669,1,0.01,0,0,0,,0,0,0,0,0,0,,0,0,0,0,0,0,,,0,0,0,7.26,669,678
